이름,우편번호,주소,전화번호,이메일
김은경,11960,제주특별자치도 과천시 봉은사2가,032-282-8426,sgim@example.org
김영식,60372,충청남도 용인시 양재천로 (수빈김김읍),063-053-3645,iyeongmi@example.com
이옥자,31700,세종특별자치시 송파구 봉은사길,018-665-1990,geonuo@example.org
서지우,04871,세종특별자치시 금천구 봉은사길,061-348-5917,ryang@example.net
김성현,67053,인천광역시 서초구 석촌호수42길,011-949-7908,fi@example.com
강혜진,02887,대구광역시 구로구 백제고분145길,052-395-2403,jia75@example.net
이혜진,60631,제주특별자치도 인제군 논현가,051-023-6124,jieun71@example.com
이수진,29862,부산광역시 강남구 반포대8가 (건우한마을),02-7496-8768,sumingang@example.com
양중수,24244,강원도 안산시 상록구 선릉080거리,064-718-4787,coejieun@example.org
나건우,68991,부산광역시 금천구 가락길 (지혜윤김면),052-423-3212,junseo99@example.org
최성수,52712,대전광역시 서구 서초대가 (영일이장마을),017-117-5930,cayeonggil@example.com
박옥순,69391,충청남도 남양주시 개포30가 (민서김동),017-284-0244,jiagim@example.org
김순자,02482,충청북도 시흥시 봉은사4거리 (영자김마을),052-683-4934,dha@example.org
김도현,42901,전라남도 철원군 언주20로,033-121-9536,yeongjinryu@example.org
김진우,35058,부산광역시 동대문구 서초대거리 (광수손한면),018-309-6555,mo@example.net
백준서,51321,울산광역시 영등포구 학동길 (건우이이동),061-476-5260,jeongnam83@example.org
최영숙,53019,경상남도 옥천군 서초중앙77로,032-044-2369,seojun01@example.org
김미영,27197,전라북도 철원군 테헤란거리,054-638-6834,gimseunghyeon@example.org
박명자,41233,충청남도 부천시 반포대8거리,042-786-4280,yeweon65@example.org
이하은,41592,경상남도 용인시 처인구 백제고분거리,010-7306-3034,yejincoe@example.org
이은서,64223,대전광역시 서대문구 선릉38거리,044-594-7196,eungyeonggim@example.org
이예지,06844,경상북도 성남시 압구정길 (유진오리),033-669-4288,minseog69@example.com
윤민석,90029,세종특별자치시 성북구 반포대9로 (지영류면),011-748-8698,qo@example.com
김영진,78328,부산광역시 중구 논현로,063-778-4216,caeweon72@example.net
우현준,20306,서울특별시 은평구 가락로,061-890-4900,gyeongsu76@example.com
김성훈,48124,경상북도 수원시 팔달구 개포가 (상철김김읍),054-559-8995,heojeongung@example.org
이보람,28397,전라남도 양양군 삼성757거리,041-396-5904,nson@example.com
김정웅,86672,인천광역시 종로구 석촌호수가,033-618-7663,eunyeongbag@example.com
이영희,71592,부산광역시 송파구 학동로,051-755-3138,sujin59@example.org
서성현,30356,충청북도 청양군 압구정469길,062-817-4140,subin46@example.com
이혜진,52834,세종특별자치시 남구 석촌호수572거리 (경수김김읍),033-068-1307,wgim@example.org
류하은,54330,제주특별자치도 괴산군 역삼길 (건우오송읍),053-711-6442,yeongmi24@example.org
문춘자,67535,강원도 증평군 백제고분467길,02-5064-0628,migyeong49@example.com
하현주,76172,대구광역시 강서구 영동대767길 (성현김서동),051-459-7182,ijeongsun@example.net
김아름,87939,경기도 연천군 도산대5길 (정남한김면),044-863-9049,ijeong@example.org
임상현,87118,대구광역시 성동구 서초중앙15가 (하윤고읍),011-050-5010,scoe@example.net
박순옥,80598,경상북도 계룡시 서초대154길,016-533-3469,gimjiyeon@example.org
양경희,01995,인천광역시 종로구 역삼로 (지아이김리),031-997-3339,minseog93@example.net
최영진,31451,전라남도 수원시 영통구 학동길,053-096-8611,jgang@example.org
최정순,99187,전라북도 안양시 만안구 역삼4로,044-442-1496,shong@example.com
이현우,91600,세종특별자치시 강동구 영동대가 (혜진박김면),055-266-0602,jeongungju@example.net
이영자,83296,세종특별자치시 마포구 가락06로 (하은김박마을),055-248-3727,yeongsug31@example.net
장은영,84385,대전광역시 마포구 논현1거리,063-613-4237,vbag@example.net
이지우,85558,서울특별시 송파구 반포대4길 (영철박김리),042-210-8581,iseojun@example.org
서정숙,39180,대구광역시 종로구 영동대거리,016-858-1927,ujingweon@example.com
김정웅,96066,인천광역시 관악구 테헤란가,016-574-5023,ajang@example.com
이혜진,41057,충청남도 철원군 백제고분22길 (예은김마을),031-457-1300,seonyeonggim@example.org
박준서,60746,광주광역시 송파구 양재천길 (영길박서동),051-655-8856,eomsugja@example.net
배은정,80047,광주광역시 송파구 봉은사길,062-841-3546,hyeonjeong40@example.net
백준호,60240,제주특별자치도 속초시 잠실로 (승현지한마을),061-235-5992,ujin53@example.com
최승민,16848,전라북도 청주시 상당구 오금89길 (성진강이면),055-547-4833,heoyeongja@example.org
최영진,68434,울산광역시 북구 석촌호수가,055-886-8857,yejin85@example.net
최수빈,46442,경기도 용인시 수지구 테헤란로,052-803-5796,tcoe@example.org
황준서,95004,충청북도 여주시 삼성거리 (민재장이읍),064-766-6717,seongmin99@example.com
서민서,78204,대구광역시 송파구 강남대0가,010-5534-5079,mgim@example.com
김주원,78935,전라북도 정선군 개포로,033-426-1331,eunjui@example.org
김정남,06013,충청북도 화성시 백제고분0거리 (예준박이리),02-5345-0963,rbae@example.com
최준혁,67210,광주광역시 중구 도산대거리 (예준이손동),070-4896-6881,ogim@example.net
백민지,19863,서울특별시 관악구 영동대371가 (영환이백면),041-456-3381,migyeong33@example.org
김미경,96141,전라북도 수원시 영통구 봉은사가,052-708-0523,vseong@example.net
이영순,43519,충청남도 오산시 양재천길 (상호김리),044-644-9362,johyeonjeong@example.org
윤경희,34265,울산광역시 종로구 영동대길,061-930-3250,yhan@example.org
김건우,61940,울산광역시 노원구 반포대가 (시우차이마을),011-690-3270,ihyeonsug@example.com
김재현,28437,광주광역시 관악구 개포1거리,016-592-0282,anyeongja@example.net
한현주,47888,충청남도 남양주시 도산대로,043-321-0283,ryueungyeong@example.com
안현숙,42572,충청북도 시흥시 테헤란가 (현지강하면),02-2338-5918,yeongmigim@example.com
김진호,99895,경상북도 음성군 반포대길,064-771-5479,heoseunghyeon@example.net
임영순,10232,서울특별시 도봉구 석촌호수0길 (옥순최읍),02-7341-2855,junho41@example.net
이현주,86678,경상남도 진천군 학동가,010-2596-6719,iseohyeon@example.org
김성호,95263,강원도 수원시 장안구 석촌호수가,054-193-5238,tgim@example.org
박미경,14182,인천광역시 동작구 테헤란거리,041-669-5125,yeongceol51@example.com
김주원,95631,제주특별자치도 영월군 오금7거리,055-685-0075,jiyeongcoe@example.com
홍서현,94959,제주특별자치도 성남시 수정구 오금76길,033-785-5173,sbag@example.org
이승현,45941,강원도 성남시 학동로 (준서이박면),053-947-8473,seongjin06@example.com
김민석,33674,경기도 보은군 영동대가 (옥순최마을),052-047-0435,jgim@example.net
한명숙,89196,인천광역시 성북구 반포대824로 (은경홍김읍),033-196-3748,gwangsugim@example.org
김영일,36357,강원도 홍천군 서초대171길 (현우김차면),054-369-8479,junyeongno@example.net
김상호,01120,경상남도 보령시 영동대거리,054-663-4405,coeogja@example.org
윤정웅,81471,충청남도 서산시 테헤란로,016-739-9003,yeongil54@example.org
윤성훈,08275,대전광역시 관악구 삼성가 (영희김이리),041-197-8987,cgim@example.org
박지은,51189,경기도 성남시 중원구 가락49로,064-765-9786,gyeongsug15@example.com
손재현,88299,광주광역시 동작구 석촌호수99길,033-492-0881,minsu75@example.com
류정식,27585,대구광역시 강남구 서초대길,017-130-5147,yeongsug79@example.org
김서연,95333,부산광역시 동작구 역삼로,063-772-4743,juweon97@example.net
지유진,93056,전라남도 김포시 석촌호수거리 (병철이마을),043-695-0842,li@example.net
박종수,78194,전라북도 부천시 석촌호수로,031-143-7687,lgim@example.org
윤성수,86226,대구광역시 강북구 압구정길 (선영김면),019-108-4591,ogsun07@example.net
이재현,75725,전라북도 안산시 상록구 반포대로,031-144-0081,ki@example.net
박하윤,45019,서울특별시 서대문구 반포대96길,041-292-9545,ojeongho@example.net
강도현,18863,경기도 증평군 서초중앙로,064-712-8182,rgang@example.net
이준서,67083,충청북도 평창군 석촌호수가,063-471-6859,bbag@example.org
이상호,95548,경상북도 영동군 석촌호수14길,032-863-5310,junhoeom@example.com
강정웅,52871,경기도 하남시 언주86로,016-071-7589,minsubag@example.com
허수진,72791,전라북도 용인시 오금39거리 (준서김권동),055-253-5328,ujang@example.net
정예준,23952,인천광역시 강동구 역삼3거리,063-933-5189,seongho94@example.com
배주원,68851,충청북도 수원시 장안구 가락로,032-504-8623,seojun22@example.org
최지연,67666,경상남도 안산시 가락11로 (재현박면),042-764-1103,bagdohyeon@example.com
이상현,71469,인천광역시 영등포구 테헤란1로 (지혜최읍),063-776-7751,myeongjagim@example.com
유승현,45106,광주광역시 은평구 역삼23길,053-540-5746,gi@example.com
송성진,39775,전라북도 과천시 잠실880거리 (춘자박면),032-327-7041,sugjago@example.org
문영길,46719,울산광역시 북구 선릉길 (은영박동),010-7820-0247,yeongmi40@example.net
하진호,54234,울산광역시 동대문구 오금45로 (정수강김동),070-0348-8244,jeonghun26@example.net
김지연,56227,경기도 성남시 수정구 압구정거리 (은영김읍),061-884-4993,ti@example.com
김순옥,96046,인천광역시 영등포구 서초중앙57거리 (수빈박면),070-4140-6677,anminsu@example.org
이민지,06537,경상남도 홍성군 강남대로 (현숙최이면),033-064-0299,ihyeonu@example.net
김준혁,40060,전라남도 양구군 오금159거리,053-734-9300,jiaji@example.com
김미숙,62732,경상북도 연천군 서초중앙가 (상현남김동),052-244-3401,khan@example.net
최서연,97351,대전광역시 동구 역삼가 (지영주동),031-724-2740,yeongsun39@example.net
박민수,68392,대구광역시 성북구 논현거리,02-1261-5172,yeonghwan30@example.org
김병철,83912,경기도 포천시 삼성로 (옥순우김면),054-010-6941,jiu40@example.org
안민지,43452,경상북도 계룡시 논현길 (채원김읍),017-969-5477,qyang@example.org
김영수,93549,경상남도 진천군 논현52로 (진우김고리),010-5609-4046,yeonghojeon@example.com
김미정,45828,인천광역시 송파구 개포가 (영철이면),054-074-0354,bagjeonghun@example.org
류민서,75753,광주광역시 양천구 삼성가 (은주이마을),062-546-1017,byun@example.net
이은경,60659,충청남도 동해시 역삼683거리 (정희이안리),019-723-4819,yeongmison@example.org
김광수,13460,전라북도 철원군 개포길 (지아장리),016-710-3515,jeongho07@example.com
심하은,10484,경상남도 공주시 오금거리,053-893-5210,pbae@example.net
김정호,94906,충청남도 원주시 도산대길,051-277-1877,rgu@example.net
장정식,25669,부산광역시 광진구 압구정41거리 (준영김김읍),055-828-8164,haeun07@example.org
김정식,98094,경기도 공주시 삼성가,032-039-8085,yeongsun99@example.net
이서영,70965,서울특별시 양천구 강남대가,016-153-1233,seojun59@example.net
박정웅,69836,대구광역시 영등포구 양재천201거리,052-002-9432,vha@example.org
김상호,72815,서울특별시 성북구 서초대거리,051-278-9589,gyeonghyi99@example.com
조현지,57514,부산광역시 영등포구 서초대28로 (정수안윤동),033-398-7214,myeongsuggim@example.org
박옥자,46380,울산광역시 송파구 잠실6로 (정웅조김리),061-870-3139,kbag@example.org
안승현,92065,강원도 옥천군 논현로 (준혁박이읍),011-647-2116,acoe@example.net
김영길,79767,강원도 영월군 오금352거리,062-635-7824,iminjun@example.net
김정순,81689,강원도 고양시 덕양구 봉은사길,02-5563-4697,iyeongmi@example.net
성지후,30144,대구광역시 강북구 영동대가 (예원이한읍),032-723-4105,hwangyejun@example.org
김정호,12462,울산광역시 영등포구 압구정30길,010-9426-5197,ci@example.com
강명숙,28391,광주광역시 중구 서초대241로,044-597-1902,ijihun@example.net
김현준,72922,경상남도 화성시 개포길 (영수김성읍),032-882-4154,cgim@example.org
권성진,38081,세종특별자치시 양천구 선릉길,010-6789-7522,dohyeon46@example.org
임현정,51473,강원도 부천시 개포632거리,032-635-9236,junho63@example.org
박정훈,71579,대전광역시 동구 강남대8거리 (영길박최리),016-888-4019,zgim@example.net
조명숙,73478,대전광역시 강남구 봉은사9가,053-662-2630,iminsu@example.com
김순자,66061,충청남도 안산시 상록구 봉은사가,070-2791-4585,jeongja31@example.com
장채원,14683,충청남도 광주시 테헤란로 (수빈김리),044-260-0156,jihyeonjeong@example.com
이경숙,36762,부산광역시 구로구 오금길 (미숙김이읍),070-2399-4953,bagjihye@example.com
구진우,68441,서울특별시 마포구 백제고분거리 (도윤박읍),054-543-7770,yunseo90@example.net
문은지,75985,경상남도 의왕시 언주66거리,011-771-1757,abag@example.net
이수빈,42130,광주광역시 동구 삼성가,033-755-3141,pheo@example.com
최명숙,17933,전라남도 의정부시 석촌호수81길 (춘자오리),051-554-8279,jinu06@example.net
전우진,84029,인천광역시 용산구 역삼42가 (미경김윤읍),042-588-5537,jieun74@example.com
최정자,17965,서울특별시 성동구 양재천80길,055-031-7855,qi@example.com
구은지,55041,세종특별자치시 중랑구 가락가 (영철박면),041-004-8574,yangjiu@example.com
이영진,18128,울산광역시 성동구 개포가 (정웅류문리),062-643-9169,tgwag@example.org
최도윤,25149,경기도 충주시 가락7길,053-306-3353,ijihyeon@example.net
황성호,58460,대구광역시 양천구 가락47거리 (하은최읍),02-6162-4025,dgim@example.org
김성진,34522,전라남도 고양시 일산동구 선릉가 (옥자백황리),041-076-1765,jiweon88@example.org
신지은,32618,제주특별자치도 화성시 언주745가,041-060-8298,vbag@example.net
김광수,23105,제주특별자치도 태안군 학동13거리,033-744-7208,miyeonggim@example.com
안미경,05167,전라남도 양양군 석촌호수506거리,061-927-1405,bagseoyeon@example.org
김건우,40588,경기도 태백시 석촌호수길,051-454-4846,gyeongsug67@example.com
허현정,78674,충청북도 안양시 양재천27로,032-201-3737,eunseoseo@example.com
심재호,05429,전라남도 부천시 소사구 삼성로,061-460-4774,seojunseo@example.net
박동현,62077,충청북도 횡성군 영동대17거리 (재호배장면),052-533-8226,sanghojeon@example.net
조영미,34573,세종특별자치시 영등포구 언주로,042-911-9646,yeonghyigweon@example.org
김예지,25050,충청북도 정선군 백제고분길,055-980-6497,seongsuson@example.org
황우진,52416,부산광역시 성북구 봉은사가 (영수윤김마을),033-024-6095,gyeongsu78@example.org
이성현,17299,전라남도 고양시 일산서구 백제고분542로 (현주김허마을),041-682-3104,hwangdohyeon@example.net
장영일,07548,경기도 용인시 석촌호수로 (은주서우동),051-843-2141,bagjeongsig@example.com
김서윤,39142,충청남도 보은군 도산대가,031-399-4709,ujin96@example.org
이정희,32504,인천광역시 서초구 압구정거리 (정희김이리),053-714-0991,byeongceolan@example.com
박옥순,94699,대전광역시 강남구 논현789길 (은서곽황면),011-391-6126,tbag@example.org
백민재,87433,울산광역시 중랑구 백제고분32길 (영수박마을),018-606-4738,jeongsugi@example.org
강혜진,45991,경기도 양평군 테헤란98길 (영희김동),033-209-6323,gimeunju@example.com
서승민,20692,경상남도 양구군 백제고분7가 (정식윤문마을),070-8291-2746,ogsun46@example.net
김정호,02002,세종특별자치시 금천구 봉은사가 (중수지면),02-7430-9751,simseunghyeon@example.net
김민준,62196,경상북도 삼척시 반포대가,052-418-4184,iminjae@example.com
주성현,81193,울산광역시 은평구 양재천013가,043-639-4970,vsim@example.net
이미정,32695,서울특별시 노원구 백제고분길 (춘자김김리),043-390-3382,seungmin72@example.com
박춘자,41090,인천광역시 북구 가락632로,016-353-3117,gi@example.com
김영호,64378,제주특별자치도 정선군 양재천거리 (정숙손마을),010-5591-8400,ogim@example.org
김옥순,39637,제주특별자치도 원주시 잠실가 (성호이동),031-984-7707,ieunji@example.org
김현주,86434,제주특별자치도 금산군 서초중앙16길,070-8073-0807,gyeongsuhwang@example.org
안성현,40492,충청남도 당진시 잠실7길 (정희김백읍),052-817-7560,isangceol@example.com
한정호,29180,전라남도 단양군 선릉가,055-321-6493,wi@example.com
김예지,50861,경상북도 안양시 삼성607길,053-816-3921,yeonghoi@example.com
김서준,64196,서울특별시 금천구 가락거리 (영미노면),053-892-5583,miyeonggim@example.com
최정호,64578,강원도 천안시 동남구 역삼204길,043-538-6874,seonyeong58@example.org
김영순,65178,서울특별시 중구 언주거리 (동현박차리),055-651-6674,junseo27@example.net
안순자,51500,광주광역시 강남구 도산대가 (은서이김동),054-194-1210,dhwang@example.org
이성수,74627,대전광역시 남구 언주3길 (민석홍리),032-397-9569,ijeongung@example.org
김춘자,36833,광주광역시 강동구 석촌호수거리 (영호김면),061-437-1101,bagareum@example.net
장지민,09887,전라북도 양양군 반포대거리 (채원박김동),062-381-4735,gimgyeongsug@example.com
김명자,54880,전라북도 구리시 오금거리,043-188-2690,sangho16@example.com
김정웅,53747,경상남도 동해시 봉은사거리 (정남최읍),063-396-7373,ihong@example.com
이동현,59182,제주특별자치도 철원군 석촌호수로,02-5344-6218,gangsiu@example.org
이현준,63032,전라북도 증평군 오금길 (지현송양마을),061-877-9557,jaehogim@example.org
문하은,48504,대전광역시 양천구 언주17가 (민재백장마을),064-742-0817,ryuhayun@example.com
김지훈,38552,강원도 성남시 수정구 역삼로,017-397-3524,jeongsuggim@example.org
주영호,12839,대전광역시 영등포구 서초중앙3길,017-701-4412,aan@example.com
임진호,51566,경기도 화성시 서초중앙길 (하은홍나리),018-459-5241,seonyeongi@example.org
안옥순,32543,강원도 옥천군 가락954로 (성민김리),061-632-9083,eunseoyang@example.com
노준호,21750,전라남도 안산시 단원구 봉은사가,043-106-1632,sumin28@example.net
권영숙,40847,전라북도 용인시 수지구 서초중앙가,044-052-5380,seohyeoni@example.org
신준영,68647,경상북도 김포시 오금로 (미정황한읍),018-499-6621,bageunjeong@example.com
이옥자,61281,강원도 안양시 동안구 오금길 (진호이김읍),010-2523-0454,seongsujo@example.org
김진호,47169,충청북도 삼척시 서초대길 (지은권마을),017-366-4823,minsu03@example.com
이지은,21477,전라북도 과천시 학동길 (혜진김김읍),017-799-5095,lbag@example.net
정옥자,72650,경상북도 아산시 백제고분길,053-513-2334,wyang@example.com
박상현,77410,제주특별자치도 예산군 도산대로 (재현이김동),042-058-0048,tbag@example.com
류순자,04279,경상북도 충주시 봉은사거리,052-709-4725,seonghoyun@example.net
권유진,21784,충청남도 속초시 가락680거리 (준영양황마을),063-700-7838,junyeong05@example.org
김서현,80673,세종특별자치시 구로구 도산대거리 (혜진이문리),041-039-9312,jimin28@example.net
최하윤,19734,인천광역시 동구 논현554로,052-862-6145,seunghyeongim@example.org
김재호,65029,울산광역시 중랑구 양재천17가 (영식김마을),070-4521-0951,ijiyeong@example.org
조윤서,01921,대전광역시 강북구 서초대801가 (은정장읍),042-488-3671,ijaeho@example.com
전병철,32913,제주특별자치도 과천시 잠실길,063-957-9494,jeongungheo@example.com
한승민,80559,전라남도 청주시 청원구 반포대2가 (상호이차읍),054-006-1766,gimseonghyeon@example.net
강숙자,48469,광주광역시 서초구 석촌호수로,070-4680-4188,seongjin20@example.org
이민준,96413,대구광역시 성동구 삼성가 (지혜강윤면),055-752-2927,bagyeongsu@example.org
오하윤,93143,울산광역시 마포구 양재천로,016-023-2311,sunja99@example.net
이상호,15043,대전광역시 송파구 학동8거리 (은영이동),019-030-9019,gimseojun@example.org
김현지,91021,세종특별자치시 양천구 테헤란5거리,044-677-8652,ahong@example.com
박성민,99413,부산광역시 서대문구 테헤란거리,064-770-5662,yeongsugim@example.net
강현지,04485,제주특별자치도 홍천군 반포대가,064-787-9973,yeji82@example.org
차준호,75209,전라북도 성남시 분당구 언주거리,062-160-5913,seungmini@example.org
이서현,27139,인천광역시 구로구 오금거리 (도현강김읍),052-249-8050,ni@example.org
박영철,29056,충청북도 평창군 오금로 (예지김리),011-182-7284,minjian@example.com
박수진,50833,부산광역시 강북구 오금53가 (명숙한최리),011-993-2390,myeongsug20@example.org
이숙자,72450,부산광역시 도봉구 개포거리 (윤서류이면),051-109-8069,qi@example.com
홍순자,06614,세종특별자치시 용산구 개포가 (하윤송리),054-056-1161,yeonghwan19@example.net
이민지,02109,울산광역시 광진구 영동대2길,017-505-8950,ryujeonghyi@example.net
최현우,06246,부산광역시 서초구 언주45길,031-721-2189,junhyeoggweon@example.com
이정식,17889,광주광역시 구로구 논현길 (성진윤읍),053-700-5512,yunseocoe@example.org
김옥순,81607,경상남도 서산시 오금064로,053-961-4669,gimgeonu@example.net
김경수,89310,부산광역시 관악구 서초대01로 (종수김리),051-982-1393,gimyeongsug@example.net
김경희,54953,서울특별시 동대문구 압구정78길,061-037-9646,sanghun78@example.com
김수빈,03450,충청북도 진천군 역삼로,042-466-1416,seongho74@example.org
서우진,56191,전라북도 태백시 선릉679길,042-716-1561,tbag@example.com
김정웅,18963,세종특별자치시 북구 백제고분745길 (재현박동),017-914-3425,bageunju@example.com
류은경,07202,경상북도 청주시 흥덕구 서초대로 (서준황이마을),019-909-0637,jiseungmin@example.org
심정웅,79487,인천광역시 남구 테헤란5가,061-837-6370,wgim@example.com
김재현,83243,강원도 안양시 만안구 학동114거리 (상철주동),044-379-9250,vhong@example.org
윤민수,68460,부산광역시 성동구 백제고분263거리,043-281-1640,gimogsun@example.org
김시우,89407,울산광역시 은평구 잠실거리 (수빈박김동),011-142-4054,ihyeonu@example.com
윤영일,82857,대구광역시 마포구 선릉40가 (영순김윤동),018-821-5065,hyeonjunbag@example.net
이승현,89914,충청남도 강릉시 백제고분57길 (성훈우최면),055-354-1673,jieungim@example.org
김채원,94527,경기도 태백시 학동길,016-766-5875,agweon@example.com
이지혜,33811,부산광역시 강서구 학동로 (서영장최리),011-838-5041,haminseo@example.net
김보람,05151,충청북도 광명시 역삼027거리,062-839-2726,rgim@example.net
이은경,05167,충청남도 양주시 테헤란3로,042-962-3547,yeongsu88@example.org
김서준,64931,전라북도 수원시 장안구 서초중앙가 (주원고이읍),010-1039-2460,gimseongmin@example.com
김순자,64555,부산광역시 광진구 선릉거리 (정자박마을),051-828-4733,jeonghyii@example.org
이서윤,19323,전라남도 양양군 가락가 (아름강리),016-844-6638,pbae@example.com
박현준,40351,경상남도 안양시 강남대6길 (명자진한마을),011-168-3168,hyeonjeongbag@example.net
김정호,94735,대구광역시 노원구 언주0가 (영희정양리),018-893-8153,ansiu@example.org
송영호,28048,경기도 제천시 오금47가,041-857-1034,gimbyeongceol@example.net
안하윤,42520,강원도 평창군 잠실5길 (경자이노리),017-357-5091,juweonju@example.org
고지우,48894,충청남도 광주시 석촌호수459로,032-668-7710,gimsanghyeon@example.net
조은지,92958,대전광역시 은평구 언주749거리 (재호김고읍),041-230-1979,jeongja27@example.com
강정수,25903,강원도 홍천군 백제고분거리 (준혁김동),033-457-0958,jiweongim@example.com
박미숙,33586,인천광역시 남구 압구정로 (현준장리),033-287-8238,jeongungi@example.net
양은주,93117,광주광역시 용산구 선릉68거리,019-968-7036,xgim@example.net
이정순,46262,경상남도 고성군 가락865길,041-061-0722,rcoe@example.net
김지아,42583,충청북도 안산시 상록구 도산대409로,064-785-5996,sujini@example.org
박종수,37932,인천광역시 중랑구 양재천길 (중수민읍),043-514-8719,sinjihye@example.com
김지후,52591,서울특별시 중구 서초중앙5가 (유진류김면),031-122-6309,jeongsubag@example.com
김경수,41297,광주광역시 은평구 삼성로,010-0901-6607,eungyeong42@example.com
강정수,78310,전라북도 수원시 팔달구 역삼4로 (유진김면),064-728-8219,jiyeon53@example.org
최경희,43951,부산광역시 북구 논현길 (상훈최면),02-6825-9406,gimjungsu@example.net
김지민,99097,세종특별자치시 영등포구 논현074가,017-766-2667,vi@example.com
안혜진,85536,충청남도 안성시 반포대9로,055-896-3446,ogang@example.com
김정웅,15416,부산광역시 은평구 봉은사76거리,019-418-6505,seoyun07@example.org
김지연,43827,부산광역시 강북구 언주5거리,019-677-6131,yeongmison@example.org
김정자,07756,경상남도 연천군 선릉로,061-232-6126,tgim@example.com
한서현,94054,대구광역시 송파구 가락로 (지원송마을),010-9395-9910,seojunbag@example.net
이민준,50317,대전광역시 종로구 백제고분가,011-238-5920,hyeonjugim@example.net
김지현,17674,경기도 계룡시 양재천로 (서윤하읍),054-832-6790,si@example.org
김진우,19235,대전광역시 서구 가락길,019-802-8384,areumseo@example.org
한순자,75629,인천광역시 종로구 학동로 (성훈최읍),032-096-7048,bagjinu@example.net
장준서,13967,제주특별자치도 가평군 양재천거리,044-899-8324,yeongsucoe@example.org
조은정,75044,제주특별자치도 수원시 팔달구 강남대로 (승현안김동),055-755-1308,siugim@example.net
이지아,31160,부산광역시 은평구 서초중앙2가 (민석최김면),033-213-5401,hyeonjuncoe@example.org
양정수,47099,전라남도 수원시 권선구 언주92거리 (정웅김송리),017-389-9556,seonghyeongim@example.org
유옥순,13520,대구광역시 양천구 오금82가 (현지최백동),061-365-3106,gimyeongil@example.com
박경수,48055,세종특별자치시 강서구 잠실637길 (현주김리),041-781-5132,baghyeonjeong@example.org
노서준,85068,인천광역시 강동구 가락04거리 (정수이김읍),070-3560-3229,gimsangho@example.net
김아름,71182,인천광역시 성북구 언주11길 (민수류리),042-659-2510,miyeong88@example.net
정재현,22785,경기도 안양시 동안구 백제고분가,062-644-1639,bagjieun@example.org
김시우,64310,세종특별자치시 관악구 반포대6가,018-710-7643,bagjiu@example.net
김춘자,14399,광주광역시 중구 오금883로 (영환이마을),041-862-8095,yhwang@example.org
김유진,96049,충청남도 양구군 가락423로,044-257-0090,hi@example.com
박성진,81113,강원도 천안시 서북구 서초중앙822거리 (동현장문면),017-727-1610,jeonghyii@example.com
박정호,99470,대전광역시 송파구 서초대가,032-596-7839,mi@example.net
이재호,91415,경기도 진천군 학동078로,031-973-4693,wno@example.net
배영진,54319,충청남도 가평군 도산대가,018-846-7547,jihyeyun@example.org
조중수,43310,강원도 성남시 수정구 봉은사길,033-590-5818,qhan@example.com
임정훈,47334,대구광역시 서대문구 강남대4로,031-429-7915,yeongceolgim@example.net
서순옥,66755,광주광역시 중구 압구정66길 (영자이읍),032-849-4480,seoyeon38@example.com
김준호,87539,대구광역시 마포구 백제고분길 (영진박박읍),063-110-8564,junho39@example.org
최민수,54726,대구광역시 송파구 압구정5거리,063-739-6279,byun@example.org
이혜진,07120,강원도 용인시 수지구 오금1길 (재현장면),011-219-6940,minseog35@example.com
류영진,72856,경상남도 동해시 테헤란147가,017-884-8107,gimyeongsu@example.net
이영진,89666,경상북도 예산군 백제고분로 (민석이마을),041-530-3252,jangsiu@example.net
김수민,82066,경상북도 단양군 오금773로 (춘자윤김마을),041-998-5716,hwangyeonghyi@example.com
이상현,23210,세종특별자치시 용산구 도산대로,070-7301-2899,munyeongsig@example.org
홍종수,83104,인천광역시 중구 도산대가 (은지백김동),016-795-1421,minjaeheo@example.net
오지민,52176,경기도 천안시 동남구 서초중앙로,041-075-0194,yeongceolan@example.net
김정웅,17455,전라북도 김포시 강남대21가 (성호서윤마을),063-585-9130,baghyeonju@example.com
이경숙,21729,경상남도 연천군 압구정길,061-548-5164,jinhoi@example.com
나미정,02800,경상남도 금산군 봉은사1거리 (순옥김이동),032-496-4124,jiweon14@example.org
박민재,10642,울산광역시 북구 삼성590로,031-182-8120,eju@example.com
주은영,34410,세종특별자치시 성동구 강남대447거리 (춘자배읍),043-799-9626,zsong@example.org
장정수,72530,경기도 보은군 잠실91길,063-075-5288,sonjunseo@example.net
김준서,91256,강원도 천안시 동남구 논현가 (민수김리),062-208-0588,yeongmigim@example.org
김경수,90623,충청북도 옥천군 봉은사73거리 (미경김고동),011-786-1222,areum64@example.com
김영순,82291,제주특별자치도 진천군 오금292길 (예진이조읍),02-9464-0209,coebyeongceol@example.net
안은정,64275,전라북도 고양시 일산서구 오금길,052-044-2816,jeonghosong@example.net
김영철,18039,대구광역시 강남구 가락98가 (지우윤마을),041-239-2283,ai@example.org
김예지,65969,강원도 춘천시 서초대62로,041-750-7726,sugja77@example.org
남숙자,84939,대전광역시 중랑구 역삼78로 (서영김면),042-878-0040,qgim@example.org
김현정,32413,전라남도 청주시 청원구 백제고분93거리,019-090-6873,yeweon13@example.org
서순자,28636,충청남도 양주시 도산대17거리,070-1589-4042,seunghyeon52@example.org
김예지,94783,인천광역시 서구 석촌호수가 (지아이윤리),043-809-0172,mijeong82@example.com
강지원,84597,대구광역시 금천구 선릉로,033-779-0815,coejeongsug@example.com
송영길,86050,경상북도 평창군 언주7가,062-850-4002,hayun37@example.net
김현숙,63978,충청남도 용인시 수지구 테헤란로,064-780-8490,minseo38@example.net
김상철,68848,인천광역시 강동구 반포대로,011-631-5266,gimminji@example.org
한현정,92841,세종특별자치시 서대문구 석촌호수84거리,063-233-1545,jihubag@example.org
오현정,96428,경기도 오산시 봉은사178로,033-693-0079,baesanghyeon@example.org
유명숙,62253,서울특별시 강서구 압구정83거리,053-746-7837,eunju94@example.com
송명자,23249,인천광역시 강서구 잠실길,054-769-8529,vgim@example.net
강민석,06258,대전광역시 노원구 반포대가 (재현김읍),064-710-6488,agim@example.com
이성수,99776,경기도 부천시 양재천로 (경자이마을),018-624-5662,jia74@example.org
이미경,13439,세종특별자치시 강동구 반포대거리,063-352-5190,junhyeog75@example.org
이민지,76572,전라북도 청주시 서원구 양재천길 (지후김읍),031-300-1750,eunji35@example.net
이민재,81630,세종특별자치시 동작구 강남대914가,042-466-0778,jongsugim@example.com
김재현,70584,세종특별자치시 관악구 잠실5가 (춘자윤이동),042-900-8835,jihugim@example.net
지경자,91285,전라북도 오산시 테헤란214가,044-936-3539,jeongho42@example.com
김미경,04466,부산광역시 북구 개포길,043-183-5420,ncoe@example.org
장현우,02842,대전광역시 양천구 강남대92로,044-796-0030,iseonghyeon@example.net
서병철,53984,세종특별자치시 노원구 강남대로,051-902-5419,vbae@example.com
신준혁,98606,경상남도 군포시 강남대로,010-5091-8744,ii@example.com
윤예진,11215,경상남도 양양군 삼성9길 (지민강동),011-801-6090,hyejin92@example.com
김성수,20440,경상북도 파주시 봉은사길,031-782-4174,sunog26@example.org
이서윤,03361,전라북도 수원시 석촌호수로 (영진나마을),051-549-4310,yunseo72@example.com
김도현,34723,인천광역시 송파구 영동대길 (현숙김마을),02-9186-8215,yeonghwan50@example.net
하중수,63975,대구광역시 양천구 반포대가 (명자김마을),064-781-2791,whan@example.org
김지민,88477,경기도 보은군 압구정958로 (건우김리),055-661-3512,tbag@example.org
오혜진,19149,제주특별자치도 청주시 청원구 테헤란46가 (민서신노읍),062-056-4628,iminsu@example.com
김예은,12611,경상남도 천안시 서북구 영동대2가,052-519-5215,hongseungmin@example.org
박영숙,14201,전라북도 동두천시 선릉가 (민재권김마을),02-1217-9991,seoyeon63@example.com
김상현,13490,경상남도 천안시 동남구 오금41길,042-786-3590,hyeonji14@example.com
권정자,29705,광주광역시 동작구 학동595가,054-233-5879,gimjeongnam@example.net
한지혜,51550,부산광역시 서구 석촌호수032거리 (선영장마을),061-395-3775,tbag@example.com
안수진,56607,경상북도 양주시 논현로,017-221-8303,hayunbag@example.com
이선영,62987,세종특별자치시 은평구 도산대7가,018-568-7478,jeongsug86@example.net
황미경,44676,울산광역시 남구 잠실0길,041-943-6860,gimjeongung@example.org
이예진,90765,충청북도 김포시 삼성길 (옥순김권읍),064-773-3546,jihyeon08@example.com
이성진,68846,인천광역시 서초구 선릉길,042-040-0532,yeongsugim@example.net
홍정수,59324,제주특별자치도 보은군 도산대길 (미숙김신동),032-321-7881,sanghyeon74@example.com
류지현,85429,대구광역시 양천구 선릉4길,019-099-1938,geonujin@example.org
손은영,91278,제주특별자치도 제천시 반포대길 (옥순박최마을),061-491-9798,eungyeong65@example.com
이예진,22494,울산광역시 강남구 석촌호수86거리 (지원김김마을),053-737-8053,eunjeongi@example.org
박도현,77499,충청북도 군포시 반포대길,011-678-8988,sunog88@example.org
박지아,35344,서울특별시 중랑구 오금로 (춘자홍면),02-1490-0480,idohyeon@example.com
최준호,52582,제주특별자치도 인제군 삼성로,055-918-2378,gimmijeong@example.org
김영길,01713,대전광역시 성북구 백제고분6가,018-543-4078,yunujin@example.org
박정숙,01641,대구광역시 은평구 학동로 (도현오면),016-759-6008,jha@example.net
류종수,24989,서울특별시 동구 역삼64가 (지아장김마을),054-383-3189,jiweonbag@example.com
홍서준,19392,인천광역시 영등포구 압구정2길 (은서김읍),041-321-1271,gi@example.org
송영환,43368,광주광역시 서구 봉은사905가 (진우허리),063-507-2814,hanyeongsun@example.net
김민석,43117,경상남도 논산시 선릉295거리,044-390-9487,iyeongja@example.com
이정숙,25565,전라북도 구리시 도산대로 (서준우김리),032-743-0540,hayun07@example.org
안광수,70722,인천광역시 양천구 서초대길,053-876-5725,yeongjin66@example.net
정민서,67546,전라남도 고양시 일산서구 봉은사로 (은영서김읍),055-077-5448,jeongnamgim@example.com
양선영,18950,인천광역시 동대문구 역삼585길 (정숙민김읍),010-3339-2092,yeongceol98@example.org
장은지,04452,강원도 용인시 처인구 가락가,02-2864-8559,gimyeongsu@example.net
김동현,04047,전라남도 용인시 기흥구 삼성821거리,041-802-0991,ason@example.org
박병철,39301,충청남도 양주시 개포거리,052-873-1260,ggim@example.com
오예준,01362,대전광역시 동대문구 학동로 (유진조면),051-965-6818,minjun53@example.org
홍현주,65444,경상북도 고양시 덕양구 오금287로 (지훈이면),02-0600-7899,eungyeong69@example.org
백은지,88415,충청북도 연천군 역삼로,016-362-2439,oseo@example.net
조서영,40146,경상북도 영월군 반포대529길 (채원이안리),010-3054-9518,qcoe@example.net
이서윤,47375,울산광역시 서대문구 오금가 (민지손동),042-662-4936,anminsu@example.com
김명자,00167,충청북도 인제군 언주66길 (지우문읍),063-505-2036,imyeongsig@example.org
이성민,66102,충청남도 안산시 상록구 석촌호수길,054-753-3092,yundohyeon@example.org
진지혜,59395,세종특별자치시 강동구 개포7길,054-935-7890,eunyeong33@example.net
박유진,00704,세종특별자치시 중구 봉은사22로 (보람서마을),054-740-5248,ai@example.com
박지연,73841,울산광역시 중랑구 논현로 (아름이읍),033-063-8012,sumini@example.com
이병철,22917,경상북도 아산시 테헤란길,061-688-0908,jeongung54@example.com
박영희,55179,전라남도 청주시 서원구 언주로,011-005-3458,junhoseong@example.net
서병철,01325,부산광역시 은평구 강남대길,042-314-0062,bagboram@example.net
이보람,06418,세종특별자치시 북구 논현로,055-386-8608,mbag@example.com
김준서,91495,경상남도 제천시 학동길 (은영안마을),053-949-5140,gimminsu@example.org
안현숙,01099,대전광역시 도봉구 오금로,044-708-5894,gimsunja@example.com
최영자,87411,울산광역시 은평구 봉은사842거리,044-150-1484,pji@example.com
주춘자,19274,경상남도 양양군 언주099가 (지영최마을),011-920-1028,yeonggil75@example.net
최현준,53040,충청남도 천안시 동남구 선릉가,064-797-1911,jiareum@example.net
이은지,96502,대구광역시 동작구 압구정로 (서준권강리),044-594-7388,myeongja36@example.org
박영미,97791,경상북도 안양시 만안구 강남대1거리 (유진이마을),010-0400-3494,cjang@example.net
이정수,92245,대전광역시 동구 학동가,011-389-7507,bagmyeongsug@example.com
김지아,09230,울산광역시 서구 봉은사로,011-003-8075,gyeongsugim@example.net
이서영,54470,서울특별시 동대문구 서초대65길,062-247-7258,ujingim@example.org
김지영,49667,부산광역시 동작구 봉은사48로 (준혁박리),031-683-4875,mgim@example.org
박정식,03488,경상북도 홍천군 가락248거리,031-162-8344,seonyeonggim@example.net
이광수,25103,서울특별시 송파구 압구정길 (준영차면),016-911-6564,qi@example.org
나윤서,85449,제주특별자치도 부천시 소사구 영동대1로 (도현김김읍),018-125-9580,bagjiyeon@example.org
장지훈,95890,전라북도 하남시 백제고분459로 (도윤이이읍),019-638-1092,ii@example.org
지정순,70388,경기도 성남시 중원구 백제고분223가,042-408-0770,gimhyeonjeong@example.net
이성현,09469,경상북도 하남시 테헤란7길 (상호김나동),053-222-5416,eunjiju@example.org
홍지아,56085,부산광역시 관악구 서초중앙051가,062-647-4848,do@example.net
문성훈,36358,전라남도 파주시 서초중앙77거리 (지현박마을),061-710-8678,bagsangho@example.org
최지아,99219,강원도 서산시 서초중앙거리 (경자김한읍),02-3263-4820,seojunseo@example.com
이성호,48480,강원도 가평군 잠실1길 (미경장남읍),054-498-7471,iseojun@example.org
이명숙,41910,인천광역시 중랑구 테헤란34거리 (미숙홍박면),070-6052-7125,yeongsig80@example.org
한예은,22157,광주광역시 북구 백제고분2가 (예지박읍),044-301-0013,tmun@example.org
윤영자,92697,울산광역시 중랑구 역삼거리 (지은지이리),018-533-3635,jeonghunan@example.net
황동현,27624,전라남도 횡성군 압구정666길 (지영장마을),02-3914-7104,byeongceolgo@example.com
최승민,33045,대구광역시 영등포구 삼성가,041-372-0371,hwangjihyeon@example.net
김주원,71296,인천광역시 종로구 반포대길 (진우최리),051-137-5228,hayungim@example.net
고지훈,01508,강원도 홍천군 압구정길,051-475-3192,caeweoncoe@example.org
김은주,39267,전라북도 가평군 봉은사가,019-136-4249,rbag@example.net
이현준,44307,경상북도 수원시 강남대727가,010-2164-4862,au@example.com
이은영,56093,제주특별자치도 옥천군 삼성42거리 (예은황동),063-674-9942,bagjinu@example.net
김서현,92734,인천광역시 성북구 테헤란거리 (상철이마을),033-829-9708,jinho36@example.com
남영환,56883,대전광역시 종로구 언주가 (수빈김읍),063-147-4927,coeogsun@example.net
안성현,32661,서울특별시 금천구 서초중앙길,070-7378-4431,jeongdoyun@example.com
김수빈,71784,울산광역시 양천구 서초대로 (미경손동),041-421-9896,jeonghun20@example.net
장재현,09860,대구광역시 양천구 압구정7가 (현정김면),042-200-9612,jieun75@example.net
이민지,16883,광주광역시 서대문구 삼성거리 (옥순김윤면),061-997-7899,iyeongil@example.com
최숙자,12818,부산광역시 북구 양재천거리,054-127-4679,sunjai@example.org
황민석,60186,경상남도 오산시 강남대길 (정웅김손리),011-699-8353,byeongceol39@example.net
김유진,54972,전라남도 천안시 서북구 백제고분8거리 (순옥오남마을),062-855-8281,rna@example.com
송정웅,74795,전라남도 금산군 서초중앙285길 (선영김동),011-507-2182,eunseo61@example.net
이승민,10204,충청남도 안성시 오금77가,032-374-7316,yeongsun25@example.org
최성수,25976,경기도 고성군 석촌호수1길,010-6562-9672,gimyeongil@example.com
김성훈,60238,인천광역시 남구 논현712거리,042-692-4010,isubin@example.net
박경자,66963,인천광역시 양천구 석촌호수6가,019-921-5514,yeongsubae@example.com
류은경,53746,전라북도 양평군 역삼4로 (성진오장읍),051-534-0214,ccoe@example.net
백경수,05814,충청남도 수원시 팔달구 잠실3거리 (혜진홍박동),064-772-4369,ti@example.net
서정웅,27280,경상남도 평창군 잠실로,043-109-0909,hyeonjeong96@example.net
김지후,22544,인천광역시 관악구 삼성가 (유진류백읍),042-508-5296,cyun@example.org
김서영,70088,전라북도 단양군 논현길,070-3310-1206,jeonghunbag@example.org
강민서,11334,부산광역시 도봉구 강남대길 (성현서이면),032-511-7358,ygim@example.com
류성훈,11242,경기도 공주시 언주1가 (예은장류면),017-644-4219,jeongnami@example.org
김재현,82673,대구광역시 종로구 테헤란로,011-861-1078,yeongmii@example.com
윤수진,56067,충청남도 제천시 압구정42가 (준영김읍),070-3031-5430,vbaeg@example.net
이윤서,34936,인천광역시 은평구 서초중앙2거리,053-504-7091,yeongsun35@example.org
이유진,64652,세종특별자치시 구로구 강남대28거리 (유진이이동),032-791-8368,jeonghyi63@example.com
김영희,24897,제주특별자치도 군포시 잠실6거리 (정남김한면),016-853-5463,jeonghyieom@example.net
김민지,82862,대구광역시 영등포구 서초중앙로 (은서김동),055-376-9470,syun@example.org
이지후,72744,제주특별자치도 성남시 수정구 논현로,052-426-1105,hcoe@example.net
황시우,38838,광주광역시 중구 개포0길 (지영권정면),018-100-0713,yeeungang@example.com
황정희,27875,대전광역시 서대문구 백제고분길 (서연김동),052-500-9234,gyeongja25@example.org
이현지,18723,강원도 안성시 백제고분로 (정호최박동),019-648-6432,gohyeonju@example.com
김지은,19350,경상남도 광명시 서초중앙02로 (은영홍면),063-955-2892,muneunju@example.net
정은정,24599,경상북도 성남시 분당구 영동대가,063-192-1089,minjae47@example.com
이정훈,62645,부산광역시 중구 잠실86거리 (정식류읍),011-490-2184,gyang@example.org
류도현,62274,제주특별자치도 고성군 삼성거리 (수민박읍),033-394-2888,sunjagim@example.org
최정자,13825,충청남도 보령시 도산대가,011-014-3854,seongmin66@example.org
김민재,91434,강원도 연천군 봉은사13로,017-174-7317,dohyeon80@example.net
손영환,33712,충청남도 양구군 선릉가 (우진김동),043-084-7033,munseojun@example.org
허주원,63290,세종특별자치시 북구 선릉928가 (지민장홍읍),041-590-2035,iseo@example.net
김혜진,36994,대전광역시 도봉구 개포957길,019-011-0973,misugi@example.com
박현정,14192,충청북도 수원시 영통구 백제고분로,052-531-0574,uminseo@example.com
김수빈,63615,전라남도 연천군 강남대08거리,044-564-1943,gimeunseo@example.com
김지후,57129,충청남도 홍천군 가락107로 (영미민리),02-8214-4953,myeongsug09@example.org
김재호,90782,경상남도 과천시 반포대10로,031-856-9578,gyeongja20@example.net
손현지,07917,울산광역시 강동구 백제고분가 (영자최황읍),051-872-9509,eungyeonggim@example.org
김예은,21510,광주광역시 용산구 잠실가 (혜진강문동),019-856-6369,ru@example.org
윤도현,19684,부산광역시 성북구 역삼25길 (지영이박면),031-281-1425,eunjeongbag@example.com
고미영,83047,제주특별자치도 옥천군 논현88거리,019-497-8515,rjang@example.net
김현주,17262,대전광역시 금천구 강남대8로 (영길양이면),017-794-7162,iyeonggil@example.com
이승민,03110,대구광역시 은평구 강남대거리 (서준서홍동),010-6029-7853,yejii@example.org
박숙자,70359,대전광역시 동구 역삼757거리,055-747-5665,minseogbag@example.org
강정수,62970,세종특별자치시 용산구 압구정가,016-929-4933,baggyeongsu@example.net
김영길,86164,충청북도 수원시 장안구 잠실13길,044-916-9550,jihyeonyun@example.net
김상철,86457,전라북도 안산시 단원구 잠실가,043-151-5529,sgim@example.net
강서연,19546,전라남도 청주시 흥덕구 석촌호수277로,043-234-9858,ogjabag@example.org
엄준호,79094,전라북도 평택시 서초대46거리,033-044-7237,jeongsig57@example.net
박경희,41557,충청남도 당진시 학동337로 (도현박이마을),054-814-8927,bagyeeun@example.org
김명숙,83174,세종특별자치시 성북구 테헤란9거리 (광수송면),053-771-2444,heojimin@example.net
박옥자,67342,대구광역시 용산구 강남대1거리,070-1798-7865,gimjihyeon@example.com
황은서,82588,울산광역시 동작구 테헤란6길 (예진이이리),017-600-3382,jihunbae@example.net
안민석,59929,부산광역시 금천구 테헤란56거리,043-084-5132,yunyujin@example.org
김정순,38060,경상북도 안양시 강남대길 (하윤신이마을),062-040-9926,minji99@example.com
곽영길,81479,울산광역시 은평구 논현길 (성민김이동),019-618-8292,syang@example.com
김은주,65486,강원도 부천시 잠실2거리,062-636-3491,igim@example.org
송지훈,70662,대전광역시 서구 도산대거리,053-109-3579,seungminbag@example.net
이현정,12933,경상남도 청주시 서원구 압구정로 (경자오서동),063-261-0753,qi@example.net
최준혁,28753,충청남도 이천시 역삼가 (정수김동),042-587-0682,hyeonjun26@example.com
이지영,75211,경상북도 정선군 논현196가 (경희이최동),041-624-2538,eunjui@example.com
윤성호,27897,울산광역시 중구 봉은사로,042-389-7022,seungminryu@example.org
김채원,22431,대구광역시 마포구 영동대336가 (민재김김마을),019-162-7690,siui@example.org
이옥자,37539,대구광역시 종로구 봉은사가 (윤서김윤동),011-600-5120,fyun@example.com
강현준,34570,광주광역시 성동구 가락길,064-708-9922,siu11@example.com
이영철,67942,부산광역시 남구 개포길,02-6860-0492,hyejin96@example.net
박지연,96667,경기도 성남시 수정구 양재천2거리,02-8318-4786,coeyeongho@example.com
김예원,39503,서울특별시 서대문구 도산대가 (준혁서리),032-083-2064,ji@example.com
박건우,36219,광주광역시 서구 양재천길 (보람류면),051-842-7121,jihuseo@example.org
권준영,05784,경상남도 수원시 팔달구 개포거리,043-378-3229,myeongja65@example.net
류영희,96432,제주특별자치도 청주시 흥덕구 테헤란264로,02-4038-0409,sunoggim@example.org
박아름,83358,세종특별자치시 용산구 잠실959길 (지민박읍),033-283-2269,yunseo67@example.com
권상호,41163,대구광역시 동구 석촌호수길,019-113-5325,areum90@example.org
김영숙,83948,서울특별시 강서구 논현014가,061-148-2466,ygim@example.net
강보람,21749,서울특별시 서초구 역삼거리,043-965-9944,yeonggilcoe@example.org
허정순,32609,전라북도 의왕시 반포대가,061-878-1286,ogim@example.net
오정자,28295,대구광역시 서대문구 석촌호수65거리 (서준김마을),019-597-2595,minsu35@example.org
지은지,05658,전라남도 평창군 역삼134가,042-491-2577,ihyeonsug@example.org
송경자,87926,울산광역시 성동구 서초대1거리,061-425-6312,ogjagim@example.org
이숙자,39462,충청북도 성남시 분당구 선릉거리 (지현하백읍),033-406-1975,qcoe@example.com
양상호,29264,충청북도 안양시 백제고분로,064-725-2316,juweonyun@example.com
이동현,85723,경상북도 의왕시 잠실로 (영희윤조마을),044-918-3346,myeongsugi@example.org
강서현,83123,대구광역시 송파구 백제고분로 (은주이읍),041-312-9959,jihyean@example.com
이옥순,81940,세종특별자치시 남구 학동33거리,033-560-8031,ijihye@example.org
남상철,43538,제주특별자치도 양구군 가락길 (서영안류리),019-807-9049,nammigyeong@example.com
김정훈,54255,강원도 원주시 테헤란113가 (성수이면),031-121-9056,songsiu@example.com
배영순,71530,충청북도 수원시 팔달구 선릉길 (정웅이홍읍),064-722-0765,junseogim@example.org
배승현,35178,대전광역시 중랑구 서초대954길 (성민김면),062-200-6309,di@example.org
김영자,65895,대전광역시 동작구 반포대로,070-1947-5227,seungmin07@example.org
조서현,71488,경상북도 홍성군 잠실91로,031-971-0731,sunjaha@example.org
임서현,85598,충청북도 청주시 서원구 봉은사로,044-097-1226,sujin04@example.com
이영식,97463,경기도 안양시 서초대61거리,052-040-4536,sunoggang@example.com
송예진,32667,경상남도 양구군 백제고분길,042-781-5716,ujini@example.com
성미영,32635,경상남도 용인시 처인구 잠실길 (영미신면),052-501-7496,donghyeonjeong@example.org
손서영,86038,충청북도 서산시 삼성거리 (영길심동),017-308-8638,vhwang@example.org
김재현,86383,전라남도 고양시 덕양구 가락거리,052-126-8248,eunji84@example.com
서경자,71783,세종특별자치시 성동구 석촌호수길,018-315-1783,xgim@example.com
손영호,74325,울산광역시 서초구 논현333길,063-256-8371,yeongil23@example.net
심경희,49817,강원도 수원시 장안구 영동대거리,063-785-5184,minseoggim@example.net
차병철,59954,강원도 광주시 논현57가,053-748-4305,seoyeong11@example.net
이상호,78542,세종특별자치시 강서구 양재천거리,018-922-7831,fgim@example.org
김영자,21720,충청남도 성남시 분당구 양재천067거리,064-742-0506,ni@example.org
김서윤,53523,경기도 구리시 가락길 (중수이마을),042-258-1318,pgweon@example.org
박상철,35329,제주특별자치도 오산시 양재천길 (영순이이동),051-622-3900,iyeongsu@example.com
송수빈,78945,대전광역시 성동구 도산대가,054-009-4885,jinho12@example.com
김성훈,80633,제주특별자치도 화성시 삼성7길 (미정이마을),031-287-7594,dbaeg@example.net
이정웅,29383,경기도 논산시 석촌호수0로 (현숙나박면),018-613-1271,bagdohyeon@example.net
김성민,94808,인천광역시 북구 양재천856로,010-4751-5649,iareum@example.com
김성민,29320,경상북도 천안시 동남구 삼성거리,019-258-2680,yejinbag@example.org
홍상현,27328,대전광역시 은평구 가락거리,043-815-2527,gimhyeonu@example.org
김서연,72965,대구광역시 도봉구 잠실가 (은경곽이읍),053-270-6488,jihyeji@example.net
장영환,44516,울산광역시 중구 삼성로,017-560-9251,yeongsui@example.org
최혜진,61898,충청남도 안산시 상록구 역삼길 (현숙김박읍),061-866-7196,minseog89@example.org
김진호,95014,부산광역시 동구 역삼거리,031-916-4642,gweonminseog@example.net
권중수,44125,대전광역시 서초구 반포대로,062-332-2273,iseonyeong@example.net
김중수,95060,광주광역시 강동구 삼성가,019-917-5582,sonseunghyeon@example.org
유서영,48719,경상북도 성남시 수정구 학동168로 (영미우면),043-364-3740,baejeongung@example.org
김영진,01398,제주특별자치도 영월군 언주5거리,070-0825-4131,doyunbag@example.net
홍보람,42168,인천광역시 도봉구 압구정00로 (시우안박리),019-037-5310,seongsu14@example.org
김영환,81949,광주광역시 양천구 백제고분거리 (병철박김마을),031-018-3325,jeonghyi13@example.com
서성진,03605,경상남도 부천시 소사구 봉은사0로 (명자김신동),011-500-7286,boram09@example.org
김은정,57032,전라남도 청주시 상당구 오금가,033-804-0579,coejeongsig@example.com
김정남,13748,충청남도 오산시 학동25거리,063-849-3261,eunseo58@example.org
김지민,14345,경상북도 속초시 오금길,054-763-9907,jeongsu57@example.org
배승현,61134,대구광역시 종로구 서초대로,02-3865-0133,yi@example.com
김은주,51854,경상북도 과천시 서초중앙215가,044-001-3862,ogim@example.net
나아름,88740,광주광역시 성동구 역삼가 (상훈이엄마을),054-281-9365,gimyeongil@example.com
이정웅,76264,경상남도 고양시 석촌호수14길,019-563-1569,gangseongjin@example.com
이영수,22536,경상북도 용인시 처인구 논현가,010-8387-4407,yeonghwan19@example.net
김미숙,92883,경상북도 영동군 선릉거리,064-788-4305,sumin43@example.com
이영길,09054,대구광역시 강남구 학동886로 (은서이김읍),019-676-9093,so@example.com
송지원,94483,강원도 공주시 논현가 (민지유이읍),064-708-6630,xi@example.net
김민재,13954,서울특별시 서초구 도산대로 (현준최면),017-987-7718,hyeonubae@example.org
조채원,37370,제주특별자치도 부천시 오정구 선릉길,051-719-7439,jeongho25@example.com
강채원,19222,경기도 수원시 팔달구 반포대거리 (지현한최읍),043-297-7062,gimsangceol@example.com
김준혁,22835,대전광역시 마포구 도산대길 (순옥이구읍),051-290-7161,oseonghun@example.org
박성호,20501,경기도 부천시 학동거리,031-574-2078,coeminseog@example.com
윤영진,32309,대전광역시 광진구 봉은사길 (정남백리),02-7489-4747,ogjai@example.org
김준호,05482,충청북도 고양시 덕양구 봉은사로 (정식안황리),053-541-2046,oseongjin@example.net
이준서,42759,전라북도 철원군 잠실1길,070-7865-9437,yeonghobag@example.com
손지훈,08570,울산광역시 노원구 백제고분569가,043-458-8436,ngweon@example.net
전미영,13475,광주광역시 동구 가락가 (숙자고이마을),070-4391-9068,idonghyeon@example.com
진시우,33070,전라남도 부천시 소사구 서초중앙가 (우진이이마을),018-056-3785,jaehyeonju@example.net
한윤서,36717,세종특별자치시 성동구 석촌호수가,064-744-6636,coemigyeong@example.net
김수민,93033,충청남도 하남시 삼성6거리 (지영하문읍),062-592-2464,dgwag@example.net
최정숙,20127,제주특별자치도 동두천시 테헤란4로,063-860-7250,gimseohyeon@example.org
장서윤,58623,충청북도 청주시 상당구 서초대8가,041-879-3534,jiyeongim@example.org
김경수,73343,전라북도 김포시 논현로 (지원심읍),052-704-6148,namogsun@example.com
최선영,02013,경기도 아산시 학동609길 (경희김서마을),018-524-4866,geonu01@example.org
이우진,14650,경상북도 수원시 장안구 압구정가,011-353-6391,janghyeonjun@example.net
김은주,13591,제주특별자치도 춘천시 서초중앙71가 (윤서황이리),032-034-3628,tgim@example.com
이수진,62500,충청북도 성남시 수정구 서초대531가 (하윤고동),062-808-4759,ibag@example.net
최정희,18762,제주특별자치도 부천시 소사구 오금거리,051-773-0402,yeonghwangim@example.com
문경희,88282,경상북도 논산시 테헤란가 (수진이이면),051-661-0943,jihyecoe@example.org
김영식,79313,충청남도 음성군 역삼1길 (지아최리),010-1288-8922,bhan@example.net
박정식,82263,부산광역시 광진구 도산대130로,02-5334-0300,jihyegweon@example.org
이현우,47386,전라남도 철원군 석촌호수로,063-456-5182,eunseogim@example.net
김상철,33333,전라남도 용인시 선릉거리 (서윤김하읍),033-875-4506,yeongil66@example.net
김미경,01957,경상북도 김포시 학동6로,064-712-2526,yeonghohwang@example.org
이하은,32702,부산광역시 서구 논현403길,010-9872-8447,yeongjai@example.com
박예원,07531,제주특별자치도 청주시 서원구 압구정350거리,018-940-3071,migyeong77@example.net
김민수,27098,광주광역시 강남구 석촌호수93거리 (영진안문읍),044-655-6265,coeyeonghyi@example.org
허미경,78728,전라남도 횡성군 삼성983거리,061-938-5033,yeonggilu@example.com
박영숙,54627,서울특별시 은평구 서초중앙길,018-068-9911,cunja22@example.com
이서준,71114,서울특별시 서구 개포82거리,019-171-9465,jeongsui@example.org
김병철,40611,울산광역시 서대문구 선릉길,033-573-1977,sumino@example.org
배영순,92743,충청북도 안양시 잠실694가,061-573-4155,ihyeonu@example.com
오예지,85503,경상북도 수원시 영통구 백제고분73길 (아름김동),043-303-4258,jeongsug17@example.com
민정희,86643,전라남도 성남시 분당구 양재천가 (현지이리),061-678-0116,jimin75@example.org
황정순,33836,전라북도 춘천시 서초대122길,052-235-8077,eha@example.net
박준서,77500,강원도 철원군 봉은사거리 (현정김강면),070-6798-8880,gyun@example.com
고정자,20330,세종특별자치시 중구 영동대로 (성민이동),032-030-5044,ujin98@example.com
박영호,79727,충청남도 구리시 역삼가 (현우권읍),02-3160-8683,lgim@example.org
구옥순,84317,대전광역시 동구 서초중앙9거리,062-296-3789,namhyeonju@example.org
김상철,34765,경상남도 금산군 선릉59로,031-336-4064,donghyeon29@example.com
김채원,71143,충청남도 아산시 언주58길 (은서최김리),010-7871-9449,ogja19@example.com
임정웅,64077,경상남도 음성군 가락가,051-938-0259,gimseongho@example.net
홍수진,70336,경상북도 용인시 수지구 반포대로 (예원김리),063-971-2586,yeongsig53@example.net
정재현,52913,전라남도 예산군 언주로,052-663-4975,seoyeong21@example.net
이지은,94441,서울특별시 동구 논현760로 (성진강장면),033-207-8305,ihwang@example.net
김은정,91438,대구광역시 중랑구 잠실31로,02-2443-5513,juweonsim@example.net
송영환,23099,울산광역시 마포구 학동로,018-214-6485,sunog86@example.net
박재호,00565,충청남도 성남시 분당구 언주가,054-511-1413,eunjigim@example.net
박현정,82735,부산광역시 남구 봉은사거리 (하은이마을),063-750-1069,seonghyeon12@example.net
장현주,25407,전라남도 고양시 일산동구 선릉길,054-663-2829,uyeongsun@example.org
강지원,72457,세종특별자치시 광진구 석촌호수가 (지연김면),017-177-4192,baghayun@example.net
문정훈,12869,전라북도 부여군 역삼6길,017-329-3485,areum06@example.org
안채원,60040,전라북도 안양시 반포대2거리 (민서이김면),044-475-3995,simeunseo@example.com
박정희,26473,부산광역시 강서구 테헤란130가 (은정양안리),053-364-4395,baejeongsu@example.com
김정순,75189,전라북도 증평군 영동대가 (병철이김읍),02-0846-0173,hyeonjugim@example.com
류정순,47388,서울특별시 용산구 도산대393거리,062-259-4660,minjun39@example.com
박승민,49625,경기도 안산시 학동거리,010-3078-1148,jeongho34@example.org
하승민,26898,울산광역시 종로구 역삼1로,051-363-5049,hyeonju33@example.org
강서영,36560,서울특별시 은평구 테헤란로,063-439-3608,jihunyun@example.com
최영철,83625,제주특별자치도 옥천군 서초중앙길,064-707-8980,jiyeongweon@example.com
이영미,08033,경상북도 광주시 학동2가,018-743-2013,ei@example.com
김정남,23301,울산광역시 성동구 가락거리,061-616-4139,ijeongung@example.com
이서현,28737,강원도 용인시 수지구 개포290가 (주원류박면),042-738-9854,ii@example.net
홍하은,74188,광주광역시 서대문구 양재천2가,042-712-2068,seonyeong74@example.com
김정숙,76052,경상북도 오산시 학동4거리 (성수홍면),044-942-5467,seoyeon34@example.net
김영희,76746,충청북도 청주시 서원구 백제고분가,055-866-2859,gimyeongjin@example.com
임지원,88912,대구광역시 관악구 역삼거리,064-700-6516,bagseunghyeon@example.org
김지훈,79821,경기도 안성시 양재천거리 (민지최김면),017-088-5133,jiaha@example.org
김유진,92551,전라남도 영월군 선릉로,052-060-9182,eunju26@example.com
최현정,60652,광주광역시 성북구 양재천가,032-411-0447,junyeong61@example.org
윤주원,11722,세종특별자치시 영등포구 양재천로 (영식구동),054-028-9158,xgim@example.org
김영순,95828,인천광역시 도봉구 봉은사거리,010-9891-4577,jeongsug79@example.com
서우진,32640,세종특별자치시 광진구 반포대78거리 (지민박김마을),043-630-4529,gimyeonghwan@example.org
김명자,48858,충청북도 수원시 팔달구 백제고분834로,016-736-6768,gimjimin@example.net
김선영,61124,대구광역시 동구 도산대781길 (영자박마을),055-272-0153,gimjimin@example.org
김미경,45011,충청남도 군포시 반포대거리 (경자임최동),018-824-8000,rbag@example.org
김영진,49993,부산광역시 동작구 도산대가 (서준이이동),031-537-9222,coeogja@example.com
박하은,15723,광주광역시 노원구 학동43가,042-881-5351,caeweon27@example.com
김영일,81942,경상북도 홍성군 도산대939로,017-158-0592,pi@example.org
김지원,22264,충청남도 오산시 삼성7로 (옥순엄최읍),054-792-3779,zson@example.com
김종수,81029,경상남도 화성시 석촌호수길 (정식오안마을),043-284-1064,songjeongho@example.net
전민지,19099,세종특별자치시 노원구 삼성거리 (예은강이동),044-944-3646,jbag@example.net
이예원,71267,대전광역시 용산구 양재천21거리 (예준김리),017-010-6481,yhwang@example.com
이준혁,09082,광주광역시 양천구 삼성12길,02-5310-2433,icoe@example.net
김민지,21098,인천광역시 양천구 서초대가,053-059-2908,sangceol12@example.net
신우진,65941,인천광역시 금천구 백제고분가,031-920-2319,yeongmi77@example.com
이현주,03333,충청남도 태안군 봉은사길,032-936-1306,jeongsu94@example.org
김도현,32177,세종특별자치시 송파구 백제고분80가 (중수서장읍),063-460-5797,eunjigim@example.net
이은주,17988,충청북도 의정부시 봉은사1길 (보람김김동),062-318-1440,boramryu@example.net
이도현,36698,전라북도 음성군 가락514가 (지훈최김동),063-823-4534,ogjagim@example.org
이우진,78341,세종특별자치시 노원구 압구정길 (옥자안면),019-835-1780,areum98@example.org
최수민,83273,경상북도 고양시 선릉57거리,011-604-4975,songjihye@example.net
이미정,86668,강원도 부천시 서초대가 (경자신동),018-269-8714,wgang@example.com
박진우,73851,경상북도 양평군 봉은사34거리,031-554-4110,jeongsun45@example.net
전승민,41440,서울특별시 동구 양재천086로 (정자오김면),051-038-9944,yejincoe@example.org
최채원,28203,제주특별자치도 시흥시 개포35거리 (영수김이리),033-135-0937,yeongsig30@example.com
김우진,18501,강원도 안성시 가락로 (도윤신강읍),043-060-0267,lcoe@example.org
성현우,18278,인천광역시 강남구 도산대가,018-077-1058,haeun35@example.com
김우진,90823,서울특별시 마포구 선릉02거리 (예원김리),061-016-4417,seongyeongsun@example.org
윤정훈,53470,세종특별자치시 강북구 강남대36길 (채원서안마을),061-768-2326,gryu@example.com
김재호,91214,전라남도 부여군 선릉5길 (서현황이리),052-676-0063,bagcunja@example.com
하영환,20713,인천광역시 중랑구 언주거리,051-085-5827,bgo@example.com
이서준,31554,부산광역시 송파구 개포거리 (보람박면),042-040-3615,mi@example.net
박영숙,48755,부산광역시 구로구 역삼1가 (정훈이마을),032-446-4985,ccoe@example.org
노영일,32557,경기도 춘천시 서초대거리 (예지김리),011-744-6149,joyunseo@example.org
김수민,50689,전라남도 제천시 테헤란776거리,051-445-2779,sujin15@example.net
이윤서,09838,광주광역시 양천구 논현로,044-893-4141,ryusujin@example.com
권주원,77787,충청북도 구리시 봉은사317로 (승현강마을),019-290-8783,tbag@example.net
김서준,82946,충청남도 안양시 동안구 학동거리,017-969-0813,jaehyeon28@example.net
김하윤,10358,충청북도 용인시 수지구 서초중앙길,016-926-6310,igim@example.org
이진호,83621,전라남도 괴산군 영동대00길,063-440-9039,gimgyeonghyi@example.org
황현준,35714,대전광역시 북구 오금815거리 (옥자양면),043-665-2659,seojun19@example.com
이현지,16481,대구광역시 서초구 잠실거리,061-787-7127,yejunseo@example.com
지재현,04066,대전광역시 서구 개포405로 (예진박읍),043-446-3805,ijihye@example.com
강혜진,00164,대구광역시 관악구 테헤란010길,044-927-5312,gi@example.org
나순자,74238,경상북도 강릉시 학동거리,016-985-0825,jiyeongi@example.org
진정수,39573,전라남도 삼척시 개포길,018-759-7919,nyu@example.com
이경희,30762,강원도 충주시 삼성거리 (준호박동),043-528-5093,yeonghyi75@example.net
김정희,48356,전라북도 수원시 권선구 선릉가,043-952-7133,myeongja07@example.org
이미숙,01212,광주광역시 서구 개포36거리,064-770-3585,namsugja@example.net
장준영,90995,제주특별자치도 수원시 팔달구 봉은사길 (수진황동),061-072-1980,seunghyeon27@example.net
송우진,33844,경상남도 의정부시 강남대로,064-755-6359,hwangjongsu@example.net
서지원,65043,충청북도 양구군 잠실973길 (정훈이오면),054-687-7264,jaehyeon94@example.net
서경희,85550,제주특별자치도 동해시 강남대가 (영일최동),042-417-0902,iogsun@example.com
김상현,99746,울산광역시 동구 가락4길 (선영심마을),070-0352-0314,jungsu54@example.com
송중수,42170,강원도 용인시 처인구 양재천가 (현정김김마을),062-842-3855,donghyeongim@example.com
최광수,30450,울산광역시 동구 학동76길 (성수박이리),016-337-1648,ian@example.net
김상호,94342,경상남도 춘천시 언주로 (영미문면),055-333-2429,minseogim@example.net
배성민,00186,부산광역시 양천구 백제고분461로 (준서이동),033-837-1837,eunyeong94@example.org
김성민,22197,경상남도 속초시 학동84로,054-345-9184,dohyeon23@example.net
이지혜,04008,세종특별자치시 노원구 양재천로 (성진김마을),051-801-6716,munjuweon@example.com
박건우,07090,전라남도 정선군 오금65길 (영수김마을),010-7546-2168,jihui@example.com
박명숙,60315,대구광역시 강북구 도산대0거리 (지혜김박리),053-297-1720,jihye32@example.org
오진우,65826,경기도 아산시 개포거리,019-429-2697,borami@example.net
이승민,64202,세종특별자치시 금천구 역삼50로 (정훈이김읍),062-052-8772,sbag@example.org
이유진,43951,인천광역시 강북구 잠실가,054-683-9207,gimseungmin@example.net
박영일,52020,서울특별시 서대문구 개포길 (경자이김면),055-870-2551,junseoo@example.com
지서연,51905,광주광역시 금천구 테헤란가,010-3168-6684,gimhyeonjeong@example.org
조현정,12500,경상남도 화천군 잠실3가 (정남곽이면),064-790-0568,subingim@example.org
권정수,70498,충청남도 부여군 삼성86거리 (예은이마을),02-5799-2900,ui@example.com
이은주,40291,울산광역시 중랑구 도산대길,042-813-5027,eunjeong99@example.org
서영자,93043,경상남도 보령시 선릉614로 (현주김송읍),018-131-0553,bagmiyeong@example.net
이승민,65113,충청남도 철원군 잠실로,064-790-7504,ggim@example.com
박준호,28128,제주특별자치도 강릉시 개포12거리,043-739-7017,baggeonu@example.net
이선영,29307,전라북도 포천시 반포대724거리 (지현고이리),044-814-7698,igyeongsug@example.org
오준혁,51482,세종특별자치시 은평구 테헤란가,017-484-2838,dcoe@example.com
김정호,35652,세종특별자치시 양천구 잠실8가 (지혜김손동),032-187-7247,junyeong45@example.com
김미정,06046,강원도 연천군 학동91가,061-401-4140,seongjin31@example.com
안서연,52737,경상북도 안양시 동안구 반포대로,051-880-9774,jeongsig16@example.com
강보람,03274,세종특별자치시 북구 학동가 (진우김동),019-023-4723,bgim@example.com
박영미,80628,대전광역시 강남구 봉은사거리 (준호홍읍),062-537-7497,seoyeongbag@example.net
구은정,82880,광주광역시 금천구 개포5로,052-618-6610,jiyeong72@example.com
송민준,84805,광주광역시 동작구 반포대가,033-917-1021,yunjaehyeon@example.net
양승현,56665,세종특별자치시 동구 양재천길 (승현김김읍),043-402-2827,xbag@example.net
문순자,00694,경상북도 청주시 서원구 언주48가 (경자이면),019-652-8930,seongjingim@example.com
이명자,85377,울산광역시 서구 개포34가,033-289-5755,hyeonjeongjang@example.org
안영희,04277,서울특별시 송파구 서초대67거리,018-430-7231,coedonghyeon@example.com
최정훈,52686,울산광역시 서초구 봉은사3거리 (채원김동),032-916-5407,qhong@example.org
김정훈,37417,부산광역시 서대문구 양재천거리 (민수김박동),052-002-2888,yeonghyi96@example.org
한현우,16335,세종특별자치시 영등포구 도산대9가 (영순송동),032-667-1964,ryuyeongsug@example.com
한보람,07530,대전광역시 동구 서초중앙가,061-054-6173,jeonghyi09@example.com
윤지영,99142,제주특별자치도 시흥시 잠실212가,043-693-8916,jiagim@example.net
손지연,56021,경기도 계룡시 언주1로 (종수김마을),011-352-9230,eunjeongi@example.com
장옥자,80025,강원도 청주시 청원구 도산대거리 (명숙김리),02-5952-9512,iseunghyeon@example.com
김서영,03046,경기도 당진시 잠실가 (영식이면),054-788-7660,hbag@example.com
한영호,64929,광주광역시 서구 봉은사30로 (수진이허동),041-909-7169,junseojo@example.com
박수빈,70381,대구광역시 남구 역삼가,041-692-9955,baejunhyeog@example.net
강우진,32529,서울특별시 남구 개포가,010-0931-2269,gimhyeonju@example.com
안지민,06661,인천광역시 서구 서초대66로 (예진차박리),042-777-3120,jeonghuni@example.com
심영진,34123,부산광역시 동대문구 봉은사로 (은영안양면),062-837-7893,gyeongjabae@example.org
오성민,38789,충청남도 양양군 역삼거리,018-933-9040,heoseonyeong@example.net
김은지,16585,경상북도 부여군 가락834가,054-837-3652,pmun@example.net
김서준,17246,충청북도 강릉시 오금581가 (예원민리),016-916-6051,seongminyang@example.com
김병철,73980,충청북도 평택시 학동길,052-772-0287,xan@example.com
황정자,90973,광주광역시 서초구 서초대길 (지연민리),055-562-7468,ybag@example.net
이준혁,76470,세종특별자치시 서구 개포991로 (수빈이읍),055-767-2973,bagyeji@example.com
강건우,34868,경기도 안성시 압구정길 (서준박마을),017-176-3552,po@example.org
박민석,64352,인천광역시 남구 테헤란가,041-309-3403,hyejin58@example.org
이정자,53397,부산광역시 강북구 가락가,051-739-5104,qi@example.org
김정숙,24269,부산광역시 강동구 서초중앙4로,02-5755-9283,ju@example.com
전준영,99384,충청북도 이천시 서초대길,051-111-5604,jihye85@example.org
이도윤,14440,광주광역시 서초구 반포대16길 (준서서리),018-899-5673,junhyeogan@example.com
최영철,55408,대전광역시 송파구 도산대거리,042-992-0345,yeongsu40@example.net
양상호,26132,세종특별자치시 동대문구 강남대로 (순자김차면),061-487-4426,baggyeongja@example.org
류예원,66498,서울특별시 남구 학동471가,063-899-9668,nmun@example.net
윤춘자,07602,전라남도 안산시 봉은사328거리 (서현이읍),031-016-8153,ygim@example.com
안순옥,41984,강원도 화천군 개포4가 (정자송읍),043-519-9498,donghyeonan@example.org
한영미,05033,광주광역시 서초구 백제고분가,031-034-9726,juweon49@example.org
강서현,08309,경기도 안산시 상록구 언주1길 (지아최김면),063-063-0389,junyeong65@example.org
김종수,62975,강원도 서산시 강남대4로 (영순나리),063-529-8393,hongjeongja@example.org
강예준,29048,강원도 동두천시 백제고분가 (종수김박읍),02-5623-1628,tjang@example.org
박경숙,42016,서울특별시 중구 역삼5로,010-6681-2650,jeongsunhong@example.net
이혜진,59838,강원도 양구군 가락가,043-198-8876,jihuyun@example.org
김혜진,92812,대구광역시 금천구 반포대236로 (영철서한리),052-787-7514,coeseonyeong@example.net
정영미,58753,세종특별자치시 남구 논현18거리 (예원김읍),063-927-4522,siu62@example.org
이채원,76285,전라북도 의왕시 도산대거리,02-9020-3204,minseojin@example.org
박영철,42647,전라북도 진천군 선릉로,051-158-8266,godohyeon@example.com
이광수,72198,울산광역시 종로구 압구정길 (영수김면),017-880-2244,jiyeong82@example.net
이지은,62982,제주특별자치도 태백시 봉은사가 (순옥오리),019-375-9675,go@example.com
오현우,40704,울산광역시 송파구 강남대가,054-746-6839,qgim@example.net
이정희,33804,세종특별자치시 중구 개포로 (숙자박동),055-061-0009,hmun@example.org
임보람,50292,충청남도 수원시 권선구 강남대606거리,064-716-5313,gyeonghyicoe@example.net
김서영,62324,인천광역시 중랑구 양재천로 (광수김이동),064-788-7485,gangseongho@example.net
손정식,52223,충청북도 당진시 논현9로,02-5667-9371,areum91@example.net
김현지,29469,전라북도 계룡시 학동길 (명숙윤읍),017-295-6344,seungmineom@example.org
윤보람,89809,인천광역시 동구 가락399거리,018-467-3726,hyeonjuni@example.net
윤건우,65911,경기도 진천군 봉은사가,011-592-6700,oyeongmi@example.net
한지아,18980,세종특별자치시 송파구 논현882로 (성수김서동),055-804-2874,minjae48@example.net
김영진,23161,충청남도 성남시 분당구 백제고분8로,041-307-5217,sbag@example.com
성경자,07464,경상남도 용인시 강남대길,054-571-2454,kcoe@example.org
김중수,15118,전라남도 성남시 반포대61길,042-661-4724,gimjiyeon@example.org
최서윤,61238,제주특별자치도 보령시 학동284로 (미숙강김리),043-865-9619,ki@example.net
최은정,18955,대전광역시 동작구 백제고분거리 (하윤이리),053-523-2059,seohyeon55@example.com
김민석,04804,경기도 영월군 삼성로,062-171-5770,gimseoyun@example.com
남지은,34703,전라남도 제천시 석촌호수165가 (은정박이리),019-767-8920,seohyeongim@example.net
이옥자,67453,대전광역시 강서구 삼성9거리 (영자권양동),02-5050-1782,ngim@example.com
김수진,21926,제주특별자치도 홍천군 잠실05가,016-158-2577,seongsuyun@example.com
문미경,73560,인천광역시 서대문구 압구정4거리,062-964-7371,jinu99@example.net
이예진,70832,경상북도 안양시 동안구 테헤란8로,070-0468-7271,seongmin22@example.com
김광수,57417,부산광역시 광진구 언주0길 (영식조마을),010-3809-6003,caeweongim@example.org
류영숙,12608,인천광역시 금천구 오금43로,042-408-5803,doyun29@example.com
오은영,49800,울산광역시 구로구 테헤란거리,041-043-9624,ujongsu@example.com
심지영,61964,광주광역시 용산구 강남대790로,055-989-1440,jeonghyi36@example.net
김현우,47330,세종특별자치시 마포구 석촌호수길,070-4507-9813,jeongho89@example.com
강영길,67431,인천광역시 동대문구 반포대거리 (준호이리),032-673-6856,gimeunju@example.org
김경수,86477,충청남도 평창군 압구정가,041-692-9424,myeongsug95@example.org
안지영,44614,경상북도 용인시 처인구 강남대가,019-452-0511,bagseoyeong@example.net
신현우,50187,울산광역시 용산구 잠실3로,017-416-3074,sujin01@example.net
김영숙,84816,울산광역시 동대문구 오금길 (민석이리),032-737-0324,gimyujin@example.net
박채원,96672,인천광역시 마포구 선릉거리,051-696-2254,haeungim@example.org
윤시우,56521,인천광역시 중랑구 석촌호수가 (건우오읍),018-005-0509,khan@example.org
권주원,70324,충청남도 당진시 테헤란길,053-795-5303,yeongjai@example.com
김은주,68003,부산광역시 동대문구 서초중앙로 (지영이면),018-807-1878,yunseogim@example.org
김아름,57086,전라북도 광명시 가락8길 (영순강마을),031-846-7034,jiyeongim@example.org
이상훈,80202,울산광역시 송파구 도산대93로,032-920-9869,gimminjun@example.org
김지우,86551,대구광역시 강북구 선릉3거리 (예원이한마을),033-699-2790,ihaeun@example.net
김옥자,44286,대구광역시 서구 도산대4거리,063-218-4690,jiyeong50@example.com
윤윤서,32393,대구광역시 중랑구 서초대로,02-3887-2393,wi@example.org
이성수,45057,경상북도 청주시 흥덕구 양재천거리,02-1235-2696,yeonghwan39@example.net
김영식,10230,충청북도 양평군 압구정가,010-9276-3009,vi@example.org
윤병철,02762,충청북도 옥천군 양재천833길,02-0241-9224,eunjeongyun@example.org
박상철,48362,경기도 부천시 원미구 논현12거리 (현정류박리),010-0075-9485,cha@example.net
김영철,90698,울산광역시 양천구 압구정가 (민준백면),019-217-8375,iyeeun@example.org
하지우,50915,대구광역시 영등포구 선릉로 (현준김성리),063-173-7236,namminjun@example.com
서동현,76665,제주특별자치도 하남시 잠실가,017-960-0049,zgim@example.com
김서영,85473,전라북도 안산시 백제고분거리,031-663-7545,ojeong@example.com
이민수,60405,인천광역시 송파구 서초중앙479길 (영순이동),032-704-4044,gangyeongjin@example.net
이예진,94525,경상남도 홍성군 오금9가,017-005-4317,dgang@example.com
김서윤,84054,충청북도 부천시 오정구 삼성0로,064-797-0042,imyeongsug@example.com
이재호,67662,인천광역시 마포구 강남대길 (예원백강면),061-685-9865,oi@example.com
김지혜,51459,부산광역시 서구 학동97길,063-376-1071,zbag@example.com
김상철,69908,제주특별자치도 구리시 영동대가 (정호김김면),051-086-0186,mi@example.net
윤성민,87364,충청남도 당진시 도산대거리,043-425-0131,yeongsigi@example.org
김서연,47954,경상남도 과천시 논현765가,032-389-0053,jiyeongi@example.org
배승현,91529,대구광역시 북구 백제고분거리,052-940-0018,myeongsugno@example.org
김영순,03018,경상남도 금산군 영동대거리 (지아한권마을),052-739-8446,hi@example.com
김지은,16531,인천광역시 관악구 학동로 (지연양김면),032-480-7857,pbaeg@example.net
류재현,58271,강원도 천안시 동남구 학동99거리,053-099-6321,hyeonjuncoe@example.org
양재호,04862,경상북도 양평군 강남대0거리 (서현김이리),064-779-9164,ogsun83@example.com
김성훈,14920,충청북도 구리시 백제고분거리 (진우최면),063-486-5425,ei@example.com
김준호,92432,충청남도 금산군 서초대878길,052-201-8952,jihu26@example.org
김예진,00597,대전광역시 중구 백제고분048로,061-738-0126,yeonghyiju@example.org
황성현,46194,전라남도 괴산군 양재천4길 (민지문문동),051-942-8927,songhyejin@example.org
이지아,40247,울산광역시 강남구 봉은사거리 (미경이마을),041-049-0727,pi@example.com
이도현,57603,부산광역시 강북구 강남대로,016-255-7678,seonyeongi@example.com
김춘자,63165,서울특별시 성북구 학동297가 (진우김김읍),064-730-7036,fgweon@example.net
권성훈,93490,충청북도 성남시 분당구 잠실77길,044-871-8348,seunghyeon03@example.org
김은경,53911,전라북도 고양시 덕양구 테헤란거리,041-043-3988,bagyeongceol@example.org
김예준,86031,대구광역시 광진구 서초대가 (영자최윤동),054-640-7509,jinho96@example.net
류수빈,90059,부산광역시 강북구 도산대가 (승민강김리),054-211-4971,pbae@example.org
이혜진,71183,전라북도 하남시 강남대거리 (준혁문마을),032-627-7824,ni@example.org
김정남,75628,전라북도 삼척시 서초중앙5가,016-839-1194,yunsumin@example.org
김현지,79919,부산광역시 용산구 언주655길 (영진허최마을),070-9142-9911,gimhyeonjun@example.org
이정호,69656,전라남도 광주시 반포대33로 (순자김박면),051-842-5253,hyeonugim@example.net
박미경,10719,충청북도 고성군 강남대023길 (지우고읍),016-373-5800,gimsubin@example.org
이정식,90393,대구광역시 성동구 오금거리,042-636-6012,minjun64@example.net
하정수,06511,인천광역시 북구 강남대길 (현우박마을),064-719-1770,gwagyeonggil@example.net
박미경,16998,인천광역시 종로구 언주가 (영환양마을),02-8140-2280,caeweoni@example.com
송정호,67887,충청북도 평택시 선릉가,017-121-3925,jeongsugryu@example.net
장숙자,80691,울산광역시 중구 논현91길 (영철이동),043-285-0556,jongsu12@example.net
이승현,15330,경상북도 고양시 덕양구 강남대로,033-894-3494,ryumijeong@example.net
이정희,92641,대전광역시 남구 언주786로 (미숙하리),041-122-6262,hyeonji57@example.org
김서영,15982,전라북도 청주시 상당구 도산대가 (정식우읍),019-296-2286,yeongho69@example.org
안민지,60155,강원도 청주시 상당구 양재천6로,019-158-1305,eunseo62@example.com
최준호,83520,인천광역시 종로구 잠실길,051-746-9101,seoyeonsong@example.net
최영순,44074,강원도 가평군 오금7가 (준영정김면),041-360-1482,migyeongbag@example.com
이정희,22924,강원도 오산시 언주17길,054-773-6379,hyeonsug81@example.org
전수민,61622,대구광역시 송파구 오금로,053-176-4457,jieuno@example.org
김영철,56635,서울특별시 서대문구 역삼721길,062-553-5090,areum53@example.com
민병철,78923,부산광역시 은평구 반포대4길 (지훈박김동),032-264-5108,minjun50@example.net
이주원,20455,인천광역시 영등포구 석촌호수57가 (성현임송면),051-501-7175,egim@example.org
윤상훈,04193,부산광역시 서대문구 개포9길,010-4101-1226,gyeonghyi56@example.com
박예진,53147,세종특별자치시 영등포구 역삼402로 (정훈이면),061-104-3319,jeongung04@example.org
서정호,25750,경상남도 김포시 가락로,051-420-8118,seongsu19@example.org
심서준,73621,부산광역시 노원구 개포로 (은정김심읍),051-816-2595,yangyeongja@example.com
최현주,71258,대전광역시 용산구 잠실로 (은영이김마을),063-836-7528,hcoe@example.org
백민준,66409,부산광역시 서대문구 선릉거리 (정남백윤면),052-914-7326,gweonjihu@example.net
이진호,71833,광주광역시 강북구 학동가,018-413-9728,eunyeongryu@example.com
김미숙,06512,전라남도 여주시 영동대거리 (시우서이리),044-084-3909,hanyeongil@example.net
장예지,99503,전라북도 양주시 서초대로 (지은이안동),052-186-9250,seonghojo@example.com
장상호,90134,강원도 청주시 서원구 영동대거리 (정웅이리),011-399-1248,hgim@example.org
윤미영,58011,강원도 용인시 수지구 도산대길,044-382-0313,seonghyeonbag@example.com
윤정남,36093,전라남도 안양시 동안구 양재천93가 (영진이면),055-718-4330,lhong@example.org
홍정숙,08224,경상남도 괴산군 오금39거리,061-801-1504,anjunyeong@example.net
김성현,93571,경기도 안산시 단원구 언주397로 (영숙김동),054-673-5344,imseoyun@example.net
윤현지,15525,전라남도 괴산군 오금4가 (성호강동),054-181-5796,seojunu@example.com
이서윤,21903,서울특별시 강남구 서초대6길 (중수김동),055-570-5223,yeonghyi68@example.net
최지훈,49738,강원도 안양시 봉은사거리 (지영안동),062-553-0818,iyeongceol@example.net
문현지,79582,전라남도 광주시 서초중앙거리,061-848-3436,gangjungsu@example.org
황승민,89469,경상북도 구리시 석촌호수로,02-0698-9182,seohyeon23@example.com
조정수,14848,세종특별자치시 강동구 개포87가 (영미양이면),016-454-5992,icoe@example.com
이상현,46773,충청남도 안산시 상록구 선릉가 (광수윤동),02-3045-4397,jia71@example.com
김예은,64566,울산광역시 강북구 양재천로 (정희진김마을),055-077-1534,xgweon@example.net
김광수,52640,제주특별자치도 여주시 도산대83로,051-390-9212,yeji76@example.org
류민준,30968,경상남도 고양시 덕양구 강남대거리 (상현최오마을),018-043-7266,hongjongsu@example.com
김지혜,19864,서울특별시 강서구 잠실24길 (보람김이읍),019-955-0007,eungyeong87@example.com
류예준,38416,강원도 용인시 처인구 역삼거리,032-692-9913,jgim@example.com
장지아,38386,광주광역시 광진구 석촌호수728로 (보람김리),061-260-4124,si@example.net
김경숙,55815,인천광역시 성동구 학동길 (정자김오리),061-120-8703,hcoe@example.net
이경수,89705,세종특별자치시 강북구 학동54거리 (재현고면),055-040-1074,jiyeoni@example.org
김재호,48803,충청남도 오산시 석촌호수680가,042-601-8971,gyeongsuggweon@example.net
유민석,89343,충청북도 안산시 상록구 잠실4거리 (수진최읍),044-703-4972,ijihun@example.org
장지현,05208,인천광역시 구로구 강남대로 (정훈김황리),02-8785-8983,ni@example.net
김준영,24630,제주특별자치도 부천시 오정구 강남대72가,070-8997-8789,hyeonji96@example.net
이명자,47840,광주광역시 영등포구 학동로,019-769-5255,hyejingim@example.org
김준서,08687,울산광역시 은평구 학동890가 (민수류마을),032-262-7240,ijieun@example.net
김명숙,52557,제주특별자치도 고양시 덕양구 백제고분8로 (은주윤리),042-523-0620,doyunyu@example.net
김서연,42184,제주특별자치도 공주시 선릉로 (성민김리),010-9770-9839,iseojun@example.net
차숙자,72855,울산광역시 영등포구 서초중앙0거리,031-020-2382,sumingim@example.net
박현주,34263,울산광역시 동대문구 오금97가,052-338-1929,ui@example.net
김은경,55887,인천광역시 종로구 강남대가 (성민박서리),062-164-4575,eunjeongsong@example.org
김정수,12183,경상남도 안산시 상록구 삼성가 (영환권이마을),011-523-2903,ujaehyeon@example.net
김성민,12840,경상남도 태백시 서초대2거리,064-752-2827,jihugim@example.org
오경수,74709,경상북도 수원시 장안구 가락545가 (지후홍리),019-974-1319,bagjinho@example.org
박지원,43873,충청남도 계룡시 잠실1가,055-413-9463,iyeongsu@example.net
송영호,16008,경상남도 수원시 장안구 학동거리,010-0363-5517,munyeongja@example.net
송혜진,08489,충청남도 홍성군 잠실51길 (동현김진마을),042-455-8741,jeongsunryu@example.org
최현정,44805,전라북도 안산시 상록구 테헤란길,044-151-4458,seongjin88@example.net
김미정,45407,서울특별시 송파구 백제고분2거리 (재현진황리),061-334-3267,jihuni@example.com
강성호,91479,전라북도 홍성군 도산대로,041-743-4049,minseoggim@example.net
이영길,81183,강원도 철원군 선릉길 (보람홍박읍),041-734-7094,hyeonjii@example.org
윤시우,56472,울산광역시 강남구 영동대30로 (지현강리),043-297-5815,yeeun04@example.org
김우진,44963,전라북도 청양군 언주거리 (상호박김동),055-974-1843,jeongsug77@example.com
김경희,44607,부산광역시 구로구 삼성길,044-073-0072,vca@example.org
한현준,14772,경기도 군포시 오금길,041-493-3712,ebaeg@example.com
박은서,02659,전라북도 의왕시 가락3로 (옥순김읍),033-276-2787,ugim@example.org
김숙자,91487,충청남도 가평군 오금거리,02-6331-3404,tjo@example.org
김정남,95631,서울특별시 동대문구 석촌호수2가 (우진이면),011-328-4672,iminsu@example.org
김지은,68731,세종특별자치시 종로구 잠실82가 (시우김읍),052-177-7344,byeongceol96@example.com
황지영,15762,서울특별시 남구 도산대78로,033-906-9162,sinjeongja@example.com
김지혜,14069,울산광역시 북구 언주로 (정숙김장면),018-571-1385,mjang@example.net
주영식,23771,인천광역시 서초구 언주로 (영식박면),041-905-0557,yeongja70@example.org
한혜진,58147,인천광역시 종로구 오금가 (준혁최권마을),041-467-6107,gimseonghun@example.org
강중수,48790,울산광역시 강동구 가락737로 (준호윤송면),031-150-8312,eunjian@example.org
장수민,49009,경상북도 아산시 도산대가,061-983-5484,gyeongsu03@example.com
최지현,91537,인천광역시 영등포구 선릉거리 (지아한마을),041-764-8952,seungmin33@example.net
김재호,60349,강원도 영월군 학동8길,052-114-7628,yeongsuhan@example.net
최민지,92771,경기도 화성시 영동대765거리,061-745-2159,seoyeongcoe@example.org
차유진,93476,대전광역시 종로구 가락808로,063-983-2589,seongmini@example.net
안성진,11866,대전광역시 관악구 강남대가,053-597-8529,fnam@example.net
장정숙,69541,강원도 부천시 원미구 역삼53길,042-950-7538,seonghyeon84@example.net
서미숙,28192,경기도 가평군 테헤란621길,063-222-3099,agu@example.net
안경숙,51147,세종특별자치시 남구 서초중앙5로 (서윤이김마을),043-485-2360,jiyeonbag@example.org
한상호,70635,서울특별시 구로구 학동072길 (주원최진면),041-106-5588,seonghungang@example.com
김상훈,59085,경상북도 파주시 개포가 (정호이김읍),042-877-3807,byeongceol72@example.com
김옥자,35597,대구광역시 강북구 개포67가 (상호김류동),061-550-7523,seongsu69@example.com
최민재,47722,대구광역시 은평구 강남대15가,031-526-8720,yeongmii@example.net
김하은,89039,대구광역시 영등포구 학동로 (옥순김한면),031-841-2442,sujin04@example.org
김상철,71057,울산광역시 중랑구 오금319거리,042-480-9407,migyeongryu@example.com
김민서,48971,서울특별시 남구 오금37길 (재호이리),061-848-8620,ibyeongceol@example.net
최현우,87193,경상북도 강릉시 백제고분거리 (지아김이동),061-321-8388,junhogim@example.com
김윤서,82132,세종특별자치시 관악구 도산대900거리,070-2842-7573,gyeonghyi93@example.com
최하윤,58941,울산광역시 동작구 반포대길,042-917-7581,ujin61@example.net
김영진,55818,대구광역시 구로구 강남대08가,042-742-3130,yeeunryu@example.net
박상호,11793,대전광역시 종로구 서초대7가,052-289-1446,sunja83@example.org
배서윤,78291,울산광역시 양천구 도산대거리 (현정이김리),043-891-5029,jeonghyi32@example.net
이경자,71397,대전광역시 서대문구 언주가,019-949-8849,eunjeong77@example.net
차예준,15294,대구광역시 강남구 선릉855로 (준호이신읍),055-229-9459,sumin90@example.org
김정남,19357,광주광역시 광진구 언주가,031-161-0273,seonghogang@example.com
박상현,05098,경상남도 성남시 중원구 선릉71거리,031-804-3074,xmun@example.com
최민재,16075,충청북도 화성시 양재천6로,02-3792-0795,minseogi@example.net
김경희,22989,부산광역시 중구 오금가 (지연윤리),042-969-9336,jbag@example.net
김하윤,94215,광주광역시 중구 압구정95길,043-293-2537,wi@example.com
조정숙,26248,전라북도 여주시 봉은사로,032-054-2625,igeonu@example.net
박정남,68765,경상남도 영동군 테헤란길 (현준이김리),070-1475-2963,wbag@example.com
성영일,97708,경기도 화성시 개포9거리,033-639-4322,siucoe@example.com
박영자,76743,대전광역시 동구 선릉13가 (서준강마을),016-486-4195,hayunyang@example.com
장영일,74831,인천광역시 용산구 학동4가 (영미이이동),064-707-0612,jeongung74@example.org
박예진,85607,세종특별자치시 송파구 선릉가 (영수노리),033-295-4236,iseongho@example.net
나주원,64571,광주광역시 노원구 백제고분004가,043-696-2301,iareum@example.com
이은서,32250,제주특별자치도 안산시 상록구 역삼404가,063-891-3136,hyeonji66@example.com
류유진,76101,부산광역시 관악구 오금길,042-104-3812,seongjingim@example.org
신지훈,91060,울산광역시 노원구 가락가 (시우김김마을),061-322-0427,coejinho@example.org
문하윤,74496,울산광역시 성동구 논현거리,031-228-0289,seongeunju@example.net
박경자,10679,강원도 청주시 상당구 압구정가 (영철김이리),062-380-7638,bbag@example.com
김하윤,58088,제주특별자치도 광주시 반포대357가,033-171-3724,hyeonjeongan@example.org
남영길,51565,대전광역시 북구 석촌호수길,042-054-2314,sunoggim@example.net
최숙자,74205,전라북도 광명시 서초중앙길,052-551-5448,sanghyeongang@example.net
최영희,81859,경기도 증평군 삼성382거리 (예준허읍),02-9110-1596,yeongil09@example.com
송영자,25920,충청남도 양평군 압구정로,019-398-9640,seongmingo@example.com
고경희,71572,대전광역시 강남구 양재천1가,052-582-6785,bagminjun@example.net
김영순,41433,인천광역시 강서구 영동대1거리,031-970-7252,yeweonji@example.org
안성진,13138,인천광역시 강북구 테헤란854길 (예준김마을),052-228-0559,gwangsu71@example.com
황정수,85376,부산광역시 서대문구 반포대로 (병철백면),055-342-1544,bagyeongsug@example.org
김윤서,38515,충청북도 홍성군 봉은사가,054-883-1702,gyeongsu42@example.org
김지민,65767,경상북도 광명시 논현82거리,061-452-4321,jeongsui@example.com
김영일,04808,서울특별시 성동구 개포7로,010-3785-7111,cunjabag@example.org
김준영,71805,경상남도 평창군 서초중앙거리,018-223-4909,minjun66@example.com
손진호,22225,대구광역시 구로구 잠실거리,064-787-6052,hayunan@example.org
유영진,72821,부산광역시 영등포구 삼성0가 (준호김동),062-628-9342,yejungang@example.com
최명자,93742,경상남도 김포시 오금거리 (지원박김면),044-498-0488,geonu15@example.org
권민재,84688,부산광역시 중구 테헤란486로 (상현이동),052-701-9725,bagareum@example.com
안민서,04582,서울특별시 구로구 압구정8로 (정식이마을),062-862-0639,jieun98@example.org
김하윤,20601,경상북도 파주시 영동대거리,017-169-7620,misug53@example.com
박현정,33604,대전광역시 강서구 양재천8가,017-590-5026,cyun@example.net
김현지,65874,경상북도 청주시 서원구 백제고분거리 (지훈성오면),02-5038-7487,sumincoe@example.com
김옥자,56654,경상북도 김포시 영동대길 (시우황박읍),016-143-4579,gweonsanghun@example.net
홍재호,47522,광주광역시 마포구 영동대거리,055-305-5899,yeongsun52@example.org
강예준,63825,대구광역시 구로구 압구정5가 (상철손이리),032-710-0985,yeongsiggim@example.org
차예준,30972,서울특별시 성북구 개포거리,032-809-7203,seongsu60@example.net
박정순,98958,부산광역시 관악구 개포길,016-681-9690,yeongjai@example.org
김정식,33261,인천광역시 관악구 강남대거리,062-161-0221,sangceol72@example.net
장옥순,50840,인천광역시 동대문구 백제고분거리 (영일한마을),070-5080-2620,jangsubin@example.org
문서연,77825,충청남도 의정부시 테헤란5길,063-843-4005,yeongilhwang@example.net
최채원,13905,전라남도 보은군 석촌호수0로,064-746-8132,zyun@example.net
임은경,44729,충청남도 태백시 가락길 (정숙오하동),031-177-1178,sanghyeongim@example.org
강하은,11445,충청북도 화천군 봉은사2가 (정순조곽리),064-707-8561,hi@example.net
윤준서,85958,충청남도 수원시 장안구 삼성거리 (영자지면),063-016-4127,yujin81@example.com
김현준,09379,강원도 공주시 언주01거리 (정호장동),016-013-8969,nojeonghun@example.net
박성호,82384,충청북도 청주시 흥덕구 압구정거리,018-180-9532,bagjungsu@example.com
이종수,01107,전라남도 계룡시 오금413로,010-9498-0183,jieuni@example.org
강지영,46367,대구광역시 동작구 오금282로 (수빈배이리),017-559-8292,eunju36@example.net
김준혁,28987,경기도 원주시 반포대길,031-064-4090,bbag@example.com
박경숙,73543,경기도 서천군 삼성2가 (정식한안면),054-793-9695,gyeongsuggim@example.net
백윤서,02884,경기도 보은군 선릉65가,033-788-4450,rhan@example.org
이선영,90992,충청북도 평창군 테헤란길,031-969-3599,ogsuni@example.com
이상철,20002,광주광역시 강동구 선릉길 (명자안이읍),064-725-9606,scoe@example.org
한예원,16322,경상북도 보령시 잠실거리 (영철유동),070-4472-2647,junseocoe@example.com
이준혁,31443,전라북도 용인시 삼성로,053-132-9148,gwangsubag@example.net
이우진,04029,대전광역시 구로구 오금가,053-810-2288,yeeunna@example.net
